1,"26515628"," Health:  A Guide to Wellness","","","","Chinua Achebe",""
1,"30020786"," Principles of Instrumental Analysis","","","","Peter Ackroyd",""
1,"30350840"," Business Research Methods With Infotrac","","","","Douglas Adams",""
1,"70109109"," Fundamental Methods of Mathematical Economics","","","","Chimamanda Ngozi Adichie",""
1,"70311366"," Introduction to Manufacturing Processes","","","","Aaron Akinyemi",""
1,"70350485"," An Introduction to Mechanics","","","","Alexandra Harris",""
1,"007035958X"," Power System Stability and Control","","","","Monica Ali",""
1,"70393605"," Project Management for Engineering and Construction","","","","Dante Alighieri",""
1,"70418780"," Wastewater Engineering:  Treatment and Reuse","","","","Alistair Cooke",""
1,"007054235X"," Principles of Mathematical Analysis","","","","Isabel Allende",""
1,"72294337"," Financial Markets and Corporate Strategy","","","","Kingsley Amis",""
1,"72299908"," Manufacturing Planning and Control for Supply Chain Management","","","","Martin Amis",""
1,"007231592X"," Biochemistry:  The Molecular Basis of Life","","","","Maya Angelou",""
1,"72321113"," Digital Communications","","","","Annie Proulx",""
1,"72339705"," Risk Management and Insurance","","","","Jeffrey Archer",""
1,"72345535"," Environmental Biotechnology:  Principles and Applications","","","","Philip Ardagh",""
1,"72348984"," Gerald D. Schmidt & Larry S. Roberts' Foundations of Parasitology","","","","Simon Armitage",""
1,"72350539"," Principles of Environmental Engineering and Science","","","","Isaac Asimov",""
1,"72380322"," Design of Analog Cmos Integrated Circuits","","","","Åsne Seierstad",""
1,"72385790"," An Introduction to Biological Evolution","","","","Diana Athill",""
1,"72392665"," Plant Design and Economics for Chemical Engineers","","","","Kate Atkinson",""
1,"72398876"," Management of a Sales Force","","","","Margaret Atwood",""
1,"72402318"," Viscious Fluid Flow","","","","WH Auden",""
1,"72406550"," Heat Transfer","","","","Jane Austen",""
1,"72431881"," Introduction to Transportation Engineering","","","","Paul Auster",""
1,"72432020"," Fluid Mechanics With Engineering Applications","","","","Julian Baggini",""
1,"72437316"," Biology","","","","Paul Bailey",""
1,"72448482"," Concepts of Modern Physics","","","","Beryl Bainbridge",""
1,"72452692"," Money, Banking And Financial Markets","","","","James Baldwin",""
1,"72460539"," Cmos Digital Integrated Circuits:  Analysis and Design","","","","JG Ballard",""
1,"007246352X"," Communication Networks:  Fundamental Concepts and Key Architectures","","","","Iain Banks",""
1,"007246464X"," Biology","","","","John Banville",""
1,"72465239"," Electric Machinery Fundamentals","","","","Clive Barker",""
1,"72465638"," Database Management Systems","","","","Pat Barker",""
1,"72466855"," Introduction To The Finite Element Method","","","","Nicola Barker",""
1,"72467509"," Introduction to Computing Systems:  From Bits and Gates to C and Beyond","","","","Julian Barnes",""
1,"72468246"," Methods, Standards, and Work Design","","","","Sebastian Barry",""
1,"007246836X"," Introduction to Probability and Statistics:  Principles and Applications for Engineering and the Computing System","","","","Donald Barthelme",""
1,"72471468"," Product Design and Development","","","","Belinda Bauer",""
1,"72478527"," Basic Econometrics","","","","Nina Bawden",""
1,"72492953"," Music:  An Appreciation","","","","Mary Beard",""
1,"72499389"," Fundamentals of Digital Logic with VHDL Design","","","","Simone de Beauvoir",""
1,"72505036"," Microelectronic Circuit Design","","","","Samuel Beckett",""
1,"72525231"," Basic Marketing:  A Global-Managerial Approach","","","","Antony Beevor",""
1,"72528303"," Vertebrates:  Comparative Anatomy, Function, Evolution","","","","Saul Bellow",""
1,"72534958"," Physical Chemistry","","","","Benjamin Markovits",""
1,"72819359"," Economics:  Principles, Problems, and Policies","","","","George Bernard Shaw",""
1,"72823402"," Macroeconomics","","","","Louis de Bernières",""
1,"72827416"," Vander's Human Physiology:  The Mechanisms of Body Function","","","","John Betjeman",""
1,"72828803"," Marketing","","","","Maeve Binchy",""
1,"72829206"," Corporate Finance","","","","Carol Birch",""
1,"72830085"," Cost Management:  Strategies for Business Decisions","","","","Quentin Blake",""
1,"72830875"," Marketing Research:  Within A Changing Information Environment","","","","William Blake",""
1,"72831561"," World Class Supply Management:  Key to Supply Chain Management","","","","Enid Blyton",""
1,"72834943"," Managerial Accounting","","","","Roberto Bolaño",""
1,"72838787"," Fundamentals of Digital Logic With Verilog Design","","","","Katherine Boo",""
1,"72846119"," Molecular Biology","","","","Jorge Luis Borges",""
1,"72848235"," Unit Operations of Chemical Engineering","","","","William Boyd",""
1,"72859342"," Gilbert's Living with Art","","","","Ray Bradbury",""
1,"72861789"," Investments","","","","Barbara Taylor Bradford",""
1,"72864478"," Design of Machinery: An Introduction to the Synthesis and Analysis of Mechanisms and Machines","","","","Stewart Brand",""
1,"72864877"," Consumer Behavior and Marketing Strategy","","","","Raymond Briggs",""
1,"72865784"," Business Marketing:  Connecting Strategy,relationships, And Learning","","","","Constance Briscoe",""
1,"72865989"," Product Management","","","","Anne Brontë",""
1,"72871776"," Labor Economics","","","","Charlotte Brontë",""
1,"72872527"," Complex Variables and Applications","","","","Emily Brontë",""
1,"72873795"," Purchasing and Supply Management:  With 50 Supply Chain Cases","","","","Anita Brookner",""
1,"72875062"," Anatomy & Physiology:  The Unity Of Form And Function","","","","Dan Brown",""
1,"72876484"," Public Finance","","","","Jeffrey Brown",""
1,"72881208"," Leadership:  Enhancing The Lessons Of Experience","","","","Anthony Browne",""
1,"72887605"," Perception","","","","Bill Bryson",""
1,"72918993"," Matching Supply With Demand:  An Introduction To Operations Management","","","","Mikhail Bulgakov",""
1,"72919817"," Simulation With Arena","","","","Anthony Burgess",""
1,"72921641"," Biology","","","","Melvin Burgess",""
1,"72921935"," Mechanical Engineering Design","","","","Gordon Burn",""
1,"72922184"," Understanding Business","","","","Robert Burns",""
1,"72922427"," Introduction to Matlab 7 for Engineers","","","","William Burroughs",""
1,"007293414X"," Investments","","","","AS Byatt",""
1,"007293588X"," Management Information Systems","","","","Lord Byron",""
1,"72936932"," Managerial Accounting","","","","Carmen Callil",""
1,"72947756"," Corporate Information Strategy And Management:  Text And Cases","","","","Italo Calvino",""
1,"72947888"," Supply Chain Logistics Management","","","","Albert Camus",""
1,"72951753"," Microbiology With Password for Online Learning Center","","","","Truman Capote",""
1,"72957239"," Principles Of Corporate Finance","","","","Peter Carey",""
1,"72958863"," Database System Concepts","","","","Carlos Fuentes",""
1,"72961449"," New Products Management","","","","Lewis Carroll",""
1,"007296183X"," Churchill/ford/walker's Sales Force Management","","","","Angela Carter",""
1,"72961902"," Marketing Strategy:  A Decision-Focused Approach","","","","Raymond Carver",""
1,"72961945"," Services Marketing:  Integrating Customer Focus Across The Firm","","","","Eleanor Catton",""
1,"007296216X"," Preface To Marketing Management","","","","Miguel de Cervantes",""
1,"72962216"," Crafting And Executing Strategy:  The Quest For Competitive Advantage","","","","Michael Chabon",""
1,"72963050"," Introduction to Mechatronics and Measurement Systems","","","","Raymond Chandler",""
1,"72964200"," Construction Planning, Equipment, and Methods","","","","Rajiv Chandrasekaran",""
1,"72964464"," Business and Administrative Communication","","","","Bruce Chatwin",""
1,"72964723"," Contemporary Advertising","","","","Geoffrey Chaucer",""
1,"72965975"," Genetics:  Analysis and Principles","","","","Anton Chekhov",""
1,"72966343"," Strategic Marketing.","","","","GK Chesterton",""
1,"72966556"," Music:  An Appreciation","","","","Lauren Child",""
1,"72967722"," Tcp/ip:  Protocol Suite","","","","Chris Ware",""
1,"72971215"," Statistical Techniques in Business and Economics","","","","Agatha Christie",""
1,"72971223"," Operations Management","","","","Christopher Isherwood",""
1,"72971231"," Corporate Finance","","","","CJ Sansom",""
1,"72975865"," Accounting For Decision Making And Control","","","","Tom Clancy",""
1,"72976756"," Fundamentals of Thermal-fluid Sciences","","","","John Clare",""
1,"72976861"," Organizational Behavior:  Emerging Realities for the Workplace Revolution","","","","Arthur C Clarke",""
1,"72977353"," Advanced Financial Accounting","","","","John Cooper Clarke",""
1,"72977450"," Microeconomics And Behavior","","","","Daniel Clowes",""
1,"72977515"," Social Psychology","","","","Jonathan Coe",""
1,"72977558"," Adolescence","","","","Paulo Coelho",""
1,"72978635"," Project Management:  The Managerial Process","","","","JM Coetzee",""
1,"72979526"," Organic Chemistry","","","","Samuel Taylor Coleridge",""
1,"72980907"," Mechanics of Materials","","","","Eoin Colfer",""
1,"72982713"," Economics","","","","Wilkie Collins",""
1,"72983019"," Business Driven Technology","","","","Jackie Collins",""
1,"72983809"," Basic Marketing","","","","Colum McCann",""
1,"72983906"," Operations Management for Competitive Advantage","","","","Arthur Conan Doyle",""
1,"72986212"," Business and Society:  Stakeholders, Ethics, Public Policy","","","","Joseph Connolly",""
1,"72986220"," Research Methods In Psychology","","","","Joseph Conrad",""
1,"72987170"," Organizations:  Behavior, Structure, Processes","","","","Jilly Cooper",""
1,"72987227"," Staffing Organizations","","","","Patricia Cornwell",""
1,"72987286"," Human Resource Management","","","","Douglas Coupland",""
1,"72987324"," Managing Human Resources:  Productivity, Quality Of Work Life, Profits","","","","Jim Crace",""
1,"007298936X"," Gilbert's Living With Art","","","","Michael Crichton",""
1,"72990716"," Introduction to Flight","","","","Neil Cross",""
1,"72991054"," Fundamental Managerial Accounting Concepts","","","","Robert Crumb",""
1,"72992565"," Employee Training and Development","","","","Curtis Sittenfeld",""
1,"72994029"," Intermediate Accounting","","","","Czes_aw Mi_osz",""
1,"72994355"," Fundamentals of Operations Management","","","","Roald Dahl",""
1,"72994428"," Business, Government And Society:  A Managerial Perspective, Text and Cases","","","","David Sedaris",""
1,"72995688"," The Art of Leadership","","","","DBC Pierre",""
1,"72996862"," International Financial Management","","","","Edmund de Waal",""
1,"73011215"," Accounting:  What the Numbers Mean","","","","Daniel Defoe",""
1,"73012386"," Fundamentals of Corporate Finance","","","","Len Deighton",""
1,"73016039"," System Dynamics","","","","Don DeLillo",""
1,"73018376"," Fundamentals Of Cost Accounting","","","","Patrick DeWitt",""
1,"73018651"," Production and Operations Analysis","","","","Giuseppe Tomasi di Lampedusa",""
1,"007301933X"," Software Engineering:  A Practitioner's Approach","","","","Junot Diaz",""
1,"73040762"," Human Physiology","","","","Philip K Dick",""
1,"73044652"," Fluid Mechanics:  Fundamentals and Applications","","","","Dick King-Smith",""
1,"73046671"," Financial Institutions Management:  A Risk Management Approach","","","","Charles Dickens",""
1,"73048380"," Mp:  Microbiology a Systems Approach W/ Olc Bind-in Card","","","","Emily Dickinson",""
1,"73049204"," Essentials of Marketing","","","","Don Paterson",""
1,"73049212"," Contemporary Management","","","","Emma Donoghue",""
1,"73050199"," Managerial Economics And Business Strategy","","","","Fyodor Dostoevsky",""
1,"73051888"," Elementary Number Theory","","","","Roddy Doyle",""
1,"73051896"," The History of Mathematics:  An Introduction","","","","Margaret Drabble",""
1,"73052337"," Systems Analysis and Design Methods","","","","Carol Ann Duffy",""
1,"73080152"," Marketing","","","","Alexandre Dumas, pere",""
1,"73100234"," Financial Statement Analysis","","","","Daphne du Maurier",""
1,"73101567"," Numerical Methods for Engineers","","","","Helen Dunmore",""
1,"73101591"," Chemistry In Context:  Applying Chemistry to Society","","","","Lawrence Durrell",""
1,"73101699"," Chemistry:  The Molecular Nature Of Matter And Change - With Access Card","","","","David Eagleman",""
1,"73101702"," Organic Chemistry","","","","Terry Eagleton",""
1,"73101710"," Introduction to Geographic Information Systems","","","","Bret Easton Ellis",""
1,"73101745"," Mp:  Integrated Principles of Zoology W/olc","","","","Umberto Eco",""
1,"73101761"," Human Biology","","","","Esi Edugyan",""
1,"73102555"," International Business:  Competing in the Global Marketplace","","","","Dave Eggers",""
1,"73104027"," Fundamental Financial Accounting Concepts With Annual Report","","","","George Eliot",""
1,"73104450"," Introduction to Chemical Engineering Thermodynamics","","","","James Ellroy",""
1,"73104639"," Engineering Electromagnetics","","","","Anne Enright",""
1,"73104647"," Principles Of Electronic Materials And Devices","","","","Jeffrey Eugenides",""
1,"73105767"," International Business:  The Challenge Of Global Competition","","","","Euripides",""
1,"73107638"," Foundations Of Materials Science And Engineering","","","","Evie Wyld",""
1,"73107670"," Statistics For Engineers And Scientists","","","","William Faulkner",""
1,"73107689"," Thermodynamics:  An Engineering Approach.","","","","Sebastian Faulks",""
1,"73107956"," Mechanics of Materials","","","","Niall Ferguson",""
1,"007310874X"," Applied Linear Statistical Models","","","","Helen Fielding",""
1,"007310938X"," Hole's Essentials Of Human Anatomy And Physiology","","","","Henry Fielding",""
1,"007310941X"," Human Anatomy","","","","Orlando Figes",""
1,"73109444"," Design of Machinery:  An Introduction to the Synthesis and Analysis of Mechanisms and Machines","","","","F Scott Fitzgerald",""
1,"73109630"," Organizational Behavior And Management","","","","Gustave Flaubert",""
1,"73121657"," Basic Statistics For Business And Economics","","","","Ian Fleming",""
1,"73121665"," Operations Management","","","","Gillian Flynn",""
1,"73122580"," Service Management: Operations, Strategy, and Information Technology","","","","EM Forster",""
1,"73122866"," Vander's Human Physiology","","","","Adam Foulds",""
1,"73126993"," Project Management: The Managerial Process","","","","John Fowles",""
1,"73128929"," Organizational Behavior","","","","Dick Francis",""
1,"73130826"," Principles Of Corporate Finance","","","","Thomas Frank",""
1,"73131946"," Human Resource Management:  Gaining A Competitive Advantage With Olc Card","","","","Jonathan Franzen",""
1,"73134287"," Fundamentals Of Corporate Finance","","","","Nicci French",""
1,"73134295"," Fundamentals Of Corporate Finance:  With S&p Card, Student Cd","","","","Tana French",""
1,"73134937"," Fundamentals Of Investment Management + Pass Card","","","","Sigmund Freud",""
1,"73135690"," Contemporary Advertising","","","","Nell Freudenberger",""
1,"73135852"," International Management:  Culture, Strategy And Behavior W/ Olc Card Mp","","","","James Frey",""
1,"73135941"," Essentials Of Econometrics","","","","Francis Fukuyama",""
1,"73136905"," Selling: Building Partnerships","","","","G Willow Wilson",""
1,"73137537"," Auditing & Assurance Services:  A Systematic Approach","","","","Neil Gaiman",""
1,"73138339"," Organizational Behavior:  Key Concepts, Skills & Best Practices","","","","Damon Galgut",""
1,"73138967"," Management:  A Practical Introduction With Online Learning Center With Premium Content Card","","","","Petina Gappah",""
1,"73191752"," Global Business Today","","","","Simon Garfield",""
1,"73191817"," Theories of Personality","","","","Alan Garner",""
1,"73191833"," Social Psychology","","","","William Gibson",""
1,"73192635"," Fundamentals Of Selling:  Customers For Life Through Service","","","","Martin Gilbert",""
1,"73194174"," Life Span Development","","","","Allen Ginsberg",""
1,"73203130"," Strategy: Winning In The Marketplace","","","","Malcolm Gladwell",""
1,"73205346"," Engineering Economy","","","","Nikolai Gogol",""
1,"73211141"," Introduction To Operations Research","","","","Glen David Gold",""
1,"73214876"," Business Research Methods","","","","William Golding",""
1,"73215775","73215775","","","","Nadine Gordimer",""
1,"73219460","73219460","","","","Gore Vidal",""
1,"73220337"," Principles And Applications of Electrical Engineering","","","","Günter Grass",""
1,"73221074","73221074","","","","Alasdair Gray",""
1,"73224359"," Organizational Behavior","","","","Simon Gray",""
1,"73229784"," Calculus for Business, Economics, And the Social And Life Sciences With Mathzone","","","","John Green",""
2,"73250325"," Data Communications and Networking","","","","Graham Greene",""
2,"73256439"," Fundamentals of Electric Circuits","","","","Germaine Greer",""
2,"73660094"," Electric Machinery","","","","Philippa Gregory",""
2,"73660558"," Experimental Methods for Engineers","","","","John Grisham",""
2,"125980558"," Introduction to Probability Models","","","","David Grossman",""
2,"125980574"," Introduction to Probablility and Statistics for Engineers and Scientists","","","","Mark Haddon",""
2,"130082058"," Accounting Information Systems","","","","Tessa Hadley",""
2,"130083690"," Statistics: The Art And Science of Learning from Data","","","","Knut Hamsun",""
2,"130084611"," Microeconomics","","","","Mohammed Hanif",""
2,"130085073"," Introduction to Mathematical Statistics","","","","Elizabeth Hardwick",""
2,"130085197"," Digital Image Processing Using Matlab","","","","Thomas Hardy",""
2,"130088471"," Management","","","","Thomas Harris",""
2,"130167630"," The Nature and Properties of Soils","","","","Robert Harris",""
2,"130175986"," Management of Organizational Behavior:  Leading Human Resources","","","","Tony Harrison",""
2,"130281271"," Statics and Mechanics of Materials","","","","David Harsent",""
2,"130307912"," Fundamentals of Engineering Economics","","","","Josephine Hart",""
2,"130313580"," Modern Operating Systems","","","","Seamus Heaney",""
2,"130332712"," Global Marketing Management","","","","Helen Simpson",""
2,"013034074X"," Computer Systems:  A Programmer's Perspective","","","","Joseph Heller",""
2,"130342815"," Discrete-Time Control Systems","","","","Ernest Hemingway",""
2,"130352802"," Contemporary Logistics","","","","Aleksandar Hemon",""
2,"130354716"," Inorganic Chemistry","","","","James Herbert",""
2,"130384712"," Corporate Computer and Network Security","","","","Herta Müller",""
2,"130404675"," Principles of Service Marketing and Management","","","","Georgette Heyer",""
2,"130408719"," Manufacturing Processes for Engineering Materials","","","","Carl Hiaasen",""
2,"130411507"," Strategic Brand Management:  Building, Measuring, and Managing Brand Equity","","","","Charlie Higson",""
2,"013041977X"," Strategic Marketing for Nonprofit Organizations","","","","Tobias Hill",""
2,"130460192"," Network Security:  Private Communication in a Public World","","","","Peter Hitchens",""
2,"130461067"," Decision Support Systems and Intelligent Systems","","","","Christopher Hitchens",""
2,"130466417"," Statistics for Business and Economics","","","","Shere Hite",""
2,"130471100"," Object-Oriented Software Engineering:  Using Uml, Patterns and Java","","","","Eric Hobsbawm",""
2,"130473944"," Elements of Chemical Reaction Engineering","","","","Alan Hollinghurst",""
2,"130489875"," Mechanical Vibrations","","","","Holly Black",""
2,"130606200"," Physics:  Principles and Applications","","","","Richard Holmes",""
2,"130608998"," Fluid Power With Applications","","","","Homer",""
2,"130609072"," Modern Control Engineering","","","","Chloe Hooper",""
2,"130618853"," Machine Elements in Mechanical Design","","","","Nick Hornby",""
2,"130652458"," Differential Equations and Boundary Valve Problems:  Computing and Modeling","","","","Anthony Horowitz",""
2,"130661899"," Econometric Analysis","","","","Michel Houellebecq",""
2,"013066491X"," Behavior in Organizations:  Understanding and Managing the Human Side of Work","","","","Elizabeth Jane Howard",""
2,"013081542X"," Biostatistical Analysis","","","","Ted Hughes",""
2,"130819085"," Bioprocess Engineering:  Basic Concepts","","","","Shirley Hughes",""
2,"130868175"," Along These Lines:  Writing Paragraphs and Essays","","","","Siri Hustvedt",""
2,"130882399"," Applied Hydrogeology","","","","Aldous Huxley",""
2,"130889784"," Automation, Production Systems, and Computer-Integrated Manufacturing","","","","Eva Ibbotson",""
2,"130909963"," Digital Integrated Circuits:  A Design Perspective","","","","Henrik Ibsen",""
2,"130925535"," Applied Multivariate Statistical Analysis","","","","Mick Imlah",""
2,"130930857"," Basic Environmental Technology:  Water Supply, Waste Management, and Pollution Control","","","","John Irving",""
2,"131013653"," College Algebra","","","","Kazuo Ishiguro",""
2,"013101367X"," Transport Processes and Separation Process Principles (Includes Unit Operations)","","","","Jackie Morris",""
2,"131073893"," Statistics for Managers Using Microsoft Excel","","","","Howard Jacobson",""
2,"131095978"," International Management:  Managing Across Borders And Cultures","","","","Henry James",""
2,"131096869"," Chemistry:  The Central Science","","","","EL James",""
2,"131108956"," Practical Research:  Planning and Design","","","","PD James",""
2,"131112023"," Finite Element Analysis:  Theory and Application With Ansys","","","","Jay McInerney",""
2,"131118927"," Introduction to Quantum Mechanics","","","","Jo Nesbø",""
2,"131131273"," Quality Control","","","","Joanna Kavenna",""
2,"131137646"," Occupational Safety and Health for Technologists, Engineers, and Managers","","","","John Cheever",""
2,"131146246"," Invitation to Psychology","","","","John Gray",""
2,"131148656"," Earth: An Introduction to Physical Geology","","","","Samuel Johnson",""
2,"131150863"," Science Explorer:  From Bacteria To Plants","","","","Sadie Jones",""
2,"131176862"," Discrete Mathematics","","","","Ben Jonson",""
2,"131181114"," Abnormal Psychology:  The Problem of Maladaptive Behavior","","","","James Joyce",""
2,"131190768"," Literacy For The 21st Century:  Balanced Approach","","","","Juan Gabriel Vásquez",""
2,"131190873"," Educational Psychology:  Developing Learners","","","","Tony Judt",""
2,"131216333"," Mechatronics:  Electronic Control Systems in Mechanical and Electrical Engineering","","","","Ismail Kadare",""
2,"131402080"," Chemistry","","","","Franz Kafka",""
2,"131404121"," Kleppner's Advertising Procedure","","","","Ryszard Kapu_ci_ski",""
2,"131409417"," Biological Science","","","","Kathryn Schulz",""
2,"131409700"," Water Supply and Pollution Control","","","","Jackie Kay",""
2,"131424629"," System Dynamics","","","","John Keats",""
2,"131424718"," Traffic Engineering","","","","James Kelman",""
2,"131427067"," John E. Freund's Mathematical Statistics: With Applications","","","","Stephen Kelman",""
2,"131430211"," Financial Reporting And Analysis.","","","","Ken Follett",""
2,"131432613"," Calculus for Business, Economics, Life Sciences, and Social Sciences","","","","Thomas Keneally",""
2,"131432753"," International Business_The Challenges of Globalization","","","","AL Kennedy",""
2,"131433512"," Computer Networks and Internets_With Internet Applications","","","","Frank Kermode",""
2,"131433725"," Using Mis","","","","Jack Kerouac",""
2,"131435825"," Macroeconomics_Theories And Policies","","","","Marian Keyes",""
2,"131437453"," Miller & Freund's Probability and Statistics for Engineers","","","","Stephen King",""
2,"131439944"," Management","","","","Barbara Kingsolver",""
2,"131440977"," Human Resource Management","","","","Jeff Kinney",""
2,"131442007"," Environmental Science_ Toward a Sustainable Future","","","","Rudyard Kipling",""
2,"131442341"," Principles of Macroeconomics","","","","Kiran Desai",""
2,"131443291"," Biology Of Microorganisms","","","","Arthur Koestler",""
2,"131444476"," Prealgebra","","","","Milan Kundera",""
2,"131445650"," Environmental Law","","","","Hanif Kureishi",""
2,"131445715"," Essentials of Organizational Behavior","","","","Mark Kurlansky",""
2,"131446797"," Discrete-Event System Simulation","","","","Tony Kushner",""
2,"131447165"," Human Resource Management","","","","Jhumpa Lahiri",""
2,"131449680"," Marketing_ Real People, Real Choices","","","","RD Laing",""
2,"131450654"," Financial Management_ Principles and Applications","","","","Philip Larkin",""
2,"131450913"," Internet & World Wide Web_ How to Program","","","","Stieg Larsson",""
2,"131453068"," Principles of Biochemistry","","","","DH Lawrence",""
2,"131453343"," Linear Algebra With Applications","","","","John le Carré",""
2,"013145353X"," Strategic Management","","","","Darian Leader",""
2,"131454242"," Understanding and Managing Organizational Behavior","","","","Harper Lee",""
2,"131454439"," Managing Information Technology","","","","Ursula K Le Guin",""
2,"131454617"," Modern Systems Analysis and Design","","","","Elmore Leonard",""
2,"131454870"," Information Systems Today","","","","Doris Lessing",""
2,"131457330"," Modern Control Systems","","","","Jonathan Lethem",""
2,"131457578"," Marketing Management","","","","Primo Levi",""
2,"131463241"," Engineering Mechanics_Dynamics","","","","Steven D Levitt and Stephen J Dubner",""
2,"131464132"," Probability And Statistical Inference","","","","Andrea Levy",""
2,"131465600"," Advertising Principles And Practice","","","","Deborah Levy",""
2,"131465929"," Electric Circuits","","","","CS Lewis",""
2,"131469185"," Principles of Marketing","","","","Penelope Lively",""
2,"131469193"," Global Marketing","","","","Liz Pichon",""
2,"131469568"," Market-Based Management_ Strategies For Growing Customer Value And Profitability","","","","Attica Locke",""
2,"131469843"," Effective Small Business Management_ An Entrepreneurial Approach","","","","John Locke",""
2,"131470469"," Electrical Engineering_ Principles and Applications","","","","David Lodge",""
2,"131470892"," Structural Analysis","","","","Michael Longley",""
2,"131471988"," Financial Management For Public, Health And Not-For-Profit Organizations","","","","Louise O'Neill",""
2,"131475916"," Accounting Information Systems","","","","Robert Lowell",""
2,"131477323"," Marketing Research With Spss 13.0 Student Version For Windows","","","","Richard Mabey",""
2,"131478451"," Business Communication Today","","","","George MacDonald Fraser",""
2,"131479547"," Operating Systems_ Internals and Design Principles","","","","Madeline Miller",""
2,"131479725"," Introduction to Financial Accounting","","","","Maggie Gee",""
2,"131481908"," Machine Design","","","","Brooke Magnanti (Belle de Jour)",""
2,"131483161"," Elementary Statistics_ Picturing The World","","","","Maile Chapman",""
2,"131483986"," Java_ How To Program","","","","Andrei Makine",""
2,"131485199"," E-marketing","","","","Henning Mankell",""
2,"131485210"," Structured Computer Organization","","","","Thomas Mann",""
2,"131486497"," Engineering Economy","","","","Hilary Mantel",""
2,"131487361"," Fundamentals of Management_Essential Concepts and Applications","","","","Greil Marcus",""
2,"131489658"," Manufacturing, Engineering and Technology","","","","Marcus Sedgwick",""
2,"131491784"," Essentials Of Entrepreneurship And Small Business Management","","","","Christopher Marlowe",""
2,"131494597"," Strategic Management","","","","Gabriel García Márquez",""
2,"131494708"," Modern Management","","","","Yann Martel",""
2,"131494848"," Leadership In Organizations","","","","George RR Martin",""
2,"131495380"," Cost Accounting_ A Managerial Emphasis","","","","Hisham Matar",""
2,"131495798"," College Physics","","","","Somerset Maugham",""
2,"013149726X"," Solid State Electronic Devices","","","","Armistead Maupin",""
2,"131497456"," Laboratory In Physical Geology","","","","Simon Mawer",""
2,"131497499"," Essentials Of Geology","","","","Patrick McCabe",""
2,"131497510"," Earth Science","","","","Alexander McCall Smith",""
2,"131497553"," Statistics","","","","Cormac McCarthy",""
2,"131499084"," Options, Futures And Other Derivatives","","","","Frank McCourt",""
2,"131499300"," Feedback Control Of Dynamic Systems","","","","Val McDermid",""
2,"131499459"," Financial Accounting","","","","Ian McEwan",""
2,"131534351"," Literature_ An Introduction To Reading And Writing","","","","Roger McGough",""
2,"131538411"," Management Information Systems_ Managing The Digital Firm","","","","Candia McWilliam",""
2,"131542745"," Strategic Management And Competitive Advantage_ Concepts And Cases","","","","Herman Melville",""
2,"131547143"," Business Statistics_ A First Course","","","","Claire Messud",""
2,"131548654"," Basic Marketing Research With Spss 13.0","","","","Stephenie Meyer",""
2,"013155445X"," Principles of Operations Management","","","","China Miéville",""
2,"131602586"," Human Resource Management","","","","Arthur Miller",""
2,"131672673"," Database Processing_ Fundamentals, Design, And Implementation","","","","AD Miller",""
2,"131676865"," Managing Business Process Flows_ Principles Of Operations Management","","","","Frank Miller",""
2,"131678310"," Basic Business Statistics_ Concepts And Applications","","","","John Milton",""
2,"131679813"," Business Communication Essentials","","","","Rohinton Mistry",""
2,"131697390"," Operations Management","","","","David Mitchell",""
2,"013169944X"," Concepts Of Genetics","","","","Adrian Mitchell",""
2,"131699571"," Organic Chemistry","","","","Nancy Mitford",""
2,"131708694"," Exceptional Lives_ Special Education in Today's Schools","","","","Rutu Modan",""
2,"131730428"," Supply Chain Management","","","","Michel de Montaigne",""
2,"131733494","131733494","","","","Alan Moore",""
2,"131786865"," Social Psychology","","","","Lisa Moore",""
2,"131816292"," Topology","","","","Lorrie Moore",""
2,"131837362"," An Introduction to Human Factors Engineering","","","","Caitlin Moran",""
2,"013184069X"," History of Modern Art_ Painting Sculpture Architecture Photography","","","","Edwin Morgan",""
2,"131851225"," Advanced Accounting","","","","Michael Morpurgo",""
2,"131854615"," Electronic Commerce 2006_ A Managerial Perspective","","","","Jan Morris",""
2,"131854712"," Information Systems Management In Practice","","","","Toni Morrison",""
2,"131856057"," Foundations Of Finance_ The Logic And Practice Of Finance Management","","","","Blake Morrison",""
2,"131856405"," Prentice Hall Reference Guide","","","","Walter Mosley",""
2,"131856626"," A 'first Course In Probability","","","","Kate Mosse",""
2,"131857029"," Quantitative Analysis For Management","","","","Andrew Motion",""
2,"013185755X"," Operation Management / Jay Heizer, Barry Render","","","","Paul Muldoon",""
2,"131857576"," C++ How To Program","","","","Alice Munro",""
2,"131857851"," Linear Algebra With Applications","","","","Haruki Murakami",""
2,"131860151"," Managerial Economics_ Economic Tools for Today's Decision Makers","","","","Iris Murdoch",""
2,"131860267"," Macroeconomics","","","","Paul Murray",""
2,"131862391"," Introduction To Cryptography_ With Coding Theory","","","","Julie Myerson",""
2,"131866222"," Integrated Advertising, Promotion, & Marketing Communications","","","","Vladimir Nabokov",""
2,"131867121"," Auditing And Assurance Services_ An Integrated Approach With Coverage Of Sarbane-oxley And Section 404 Audi","","","","Nadifa Mohamed",""
2,"131867938","131867938","","","","Daljit Nagra",""
2,"131868772"," Strategic Compensation","","","","VS Naipaul",""
2,"131869426"," International Business_ Environments And Operations","","","","Naomi Klein",""
2,"131870165"," Retail Management_ A Strategic Approach","","","","RK Narayan",""
2,"131870769"," Excellence in Business Communication","","","","Ned Beauman",""
2,"131873644"," Finite Math And Its Application","","","","Patrick Ness",""
2,"131873741","131873741","","","","David Nicholls",""
2,"131878824"," Technology in Action Introductory","","","","Nick Tosches",""
2,"131888099"," Introduction to Management Science","","","","Audrey Niffenegger",""
2,"131891022"," Literature and the Writing Process","","","","Edna O'Brien",""
2,"131892622"," A World of Art","","","","Sean O'Brien",""
2,"013191345X"," Mechanics Of Materials","","","","Eugene O'Neill",""
2,"131918222"," The Prentice Hall Guide For College Writers","","","","Joyce Carol Oates",""
2,"131918338"," Concepts Of Genetics","","","","Téa Obreht",""
2,"131919636"," Calculus And Its Applications","","","","Flann O'Brien",""
2,"131922440"," Society_ The Basics","","","","Ben Okri",""
2,"131925385"," Development Across The Life Span","","","","Sharon Olds",""
2,"131930079"," Business Ethics_ Concepts & Cases","","","","Michael Ondaatje",""
2,"131930818"," Prebels' Artforms_ An Introduction To The Visual Arts","","","","George Orwell",""
2,"131931989"," The World Is A Text_ Writing, Reading, and Thinking About Culture and Its Contexts","","","","Ruth Ozeki",""
2,"131931997"," Understanding Psychology_ Book And Study Guide","","","","Ruth Padel",""
2,"131933159"," Living Religions","","","","Chuck Palahniuk",""
2,"131950851"," Corrections in America","","","","Orhan Pamuk",""
2,"131963163"," Organic Chemistry","","","","Boris Pasternak",""
2,"132184745"," Sociology","","","","Paul Farley",""
2,"132186942"," Consumer Behavior","","","","Michelle Paver",""
2,"132187469"," Biological Science","","","","David Peace",""
2,"132192268"," Brock Biology Of Microorganisms And Student Companion Website Access Card","","","","Basharat Peer",""
2,"132203847"," Statistics for Business And Economics","","","","Mal Peet",""
2,"132277816"," Essentials of Management Informaton Systems","","","","Harvey Pekar",""
2,"132431564"," Organizational Behavior","","","","Penelope Fitzgerald",""
2,"133214311"," Advanced Engineering Mathematics","","","","Samuel Pepys",""
2,"135265266"," Statistical Methods for the Social Sciences","","","","Percy Bysshe Shelley",""
2,"135763800"," Geotechnical Engineering_ Principles and Practices","","","","Philip Hensher",""
2,"013651068X"," Theory of Vibrations With Applications","","","","Piers Paul Read",""
2,"013726142X"," Finite Element Analysis_ Theory and Application with ANSYS","","","","Piers Torday",""
2,"137549202"," Discrete-Time Signal Processing","","","","Harold Pinter",""
2,"137903952"," Artificial Intelligence_ A Modern Approach","","","","Annabel Pitcher",""
2,"013805326X"," Introduction to Electrodynamics","","","","Sylvia Plath",""
2,"138147574"," Signals & Systems","","","","Plato",""
2,"139078746"," Fundamentals of Complex Analysis_ With Applications to Engineering and Science","","","","Edgar Allan Poe",""
2,"195073401"," Microeconomic Theory","","","","Peter Porter",""
2,"195108094"," Investment Science","","","","Terry Pratchett",""
2,"195110099"," Modern Digital and Analog Communications Systems","","","","Marcel Proust",""
2,"195116445"," Cmos Analog Circuit Design","","","","Philip Pullman",""
2,"195136055"," The Science and Engineering of Microelectronic Fabrication","","","","Thomas Pynchon",""
2,"195142519"," Microelectronic Circuits","","","","Jonathan Raban",""
2,"195158334"," Linear Systems and Signals","","","","Rachel Cusk",""
2,"201128195"," Field and Wave Electromagnetics","","","","Ross Raisin",""
2,"201146592"," Mechanics and Thermodynamics of Propulsion","","","","Ian Rankin",""
2,"201180758"," Digital Image Processing","","","","Arthur Ransome",""
2,"201543931"," Semiconductor Device Fundamentals","","","","Redmond O'Hanlon",""
2,"201763907"," A First Course in Abstract Algebra","","","","David Remnick",""
2,"201770253"," Law and Economics","","","","Ruth Rendell",""
2,"201771314"," Elementary Statistics","","","","Reza Aslan",""
2,"205376061"," An Introduction to Group Work Practice","","","","Anne Rice",""
2,"205426514"," Biopsychology","","","","Richard Flanagan",""
2,"205439675"," Lifespan Development","","","","Richard Ford",""
2,"020544444X"," Essentials of Sociology_ A Down-To-Earth Approach","","","","Gwendoline Riley",""
2,"205449131"," Child Development","","","","Robert Graves",""
2,"205449441"," Public Relations_ Strategies and Tactics","","","","Marilynne Robinson",""
2,"205457959"," Mastering The World Of Psychology","","","","Rose Tremain",""
2,"205459382"," Multivariate Statistics","","","","Michael Rosen",""
2,"205473059"," Sociology_ A Down to Earth Approach","","","","Meg Rosoff",""
2,"205477534"," The Media Of Mass Communication","","","","Alex Ross",""
2,"205478093"," Family Therapy_ Concepts And Methods","","","","Philip Roth",""
2,"205483925"," Elementary And Middle School Mathematics_ Teaching Developmentally","","","","Rainbow Rowell",""
2,"256136874"," Strategic Logistics Management","","","","JK Rowling",""
2,"256247951"," Factory Physics_ Foundations of Manufacturing Management","","","","Roxane Gay",""
2,"262032937"," Introduction to Algorithms","","","","Arundhati Roy",""
2,"312406843"," A Pocket Style Manual","","","","Katherine Rundell",""
2,"312406851"," Rules for Writers","","","","Salman Rushdie",""
2,"312407246"," Everything's An Argument With Readings","","","","Russell Hoban",""
2,"312412622"," Writers Reference","","","","Joe Sacco",""
2,"312419333"," The Bedford Handbook","","","","Jonathan Safran Foer",""
2,"312434456"," Compact Bedford Introduction to Literature","","","","Saki (Hector Hugh Munro)",""
2,"321149017"," Cmos Vlsi Design_ A Circuits and Systems Perspective","","","","JD Salinger",""
2,"321159349"," College Algebra","","","","Michael Sandel",""
2,"321162080"," Exploring Literature_ Writing and Thinking About Fiction, Poetry, Drama, and the Essay","","","","José Saramago",""
2,"321166396"," Calculus and Its Applications","","","","Jean-Paul Sartre",""
2,"321185587"," Thomas' Calculus","","","","Siegfried Sassoon",""
2,"032119800X"," Thomas' Calculus_ Early Transcendentals","","","","George Saunders",""
2,"321227352"," Computer Networking_ A Top-Down Approach Featuring the Internet","","","","Dorothy L Sayers",""
2,"321227573"," College Algebra","","","","Sir Walter Scott",""
2,"321228170"," Basic Mathematics Through Applications","","","","WG Sebald",""
2,"321236858"," Fundamentals Of Investing & Otis Access Kit Package","","","","Will Self",""
2,"321236874"," Principles Of Risk Management And Insurance","","","","Maurice Sendak",""
2,"321267613"," Principles of Managerial Finance","","","","Dr Seuss",""
2,"321270762"," Technical Communication","","","","William Shakespeare",""
2,"321278801"," Macroeconomics","","","","Shaun Tan",""
2,"321278844"," International Economics_ Theory And Policy","","","","Mary Shelley",""
2,"321280296"," Financial Markets and Institutions","","","","Carol Shields",""
2,"032128030X"," Derivatives Markets","","","","Lionel Shriver",""
2,"321287134"," Linear Algebra And It's Applications","","","","Alan Sillitoe",""
2,"321293835"," International Economics_ Theory And Policy","","","","Georges Simenon",""
2,"321295358"," Algorithm Design","","","","Posy Simmonds",""
2,"321305035"," Modern Labor Economics","","","","Francesca Simon",""
2,"321305043"," Environmental and Natural Resource Economics","","","","Iain Sinclair",""
2,"321322134"," Data Structures & Problem Solving Using Java","","","","Lemn Sissay",""
2,"321330234"," Absolute C++","","","","Edith Sitwell",""
2,"321330250"," Concepts of Programming Languages","","","","Robert Skidelsky",""
2,"321357965"," Multinational Business Finance","","","","Jane Smiley",""
2,"321369572"," Fundamentals of Database Systems","","","","Ali Smith",""
2,"321389514"," The Little, Brown Handbook","","","","Tom Rob Smith",""
2,"321409493"," Java Software Solutions_ Foundations of Program Design","","","","Wilbur Smith",""
2,"323018874"," Contemporary Oral and Maxillofacial Surgery","","","","Zadie Smith",""
2,"323024491"," Handbook Of Local Anesthesia_ Local Anesthesia Administration DVD Package","","","","Andrew Solomon",""
2,"323025862"," Fundamentals Of Nursing","","","","Aleksandr Solzhenitsyn",""
2,"323025935"," Wong's Essentials Of Pediatric Nursing","","","","Wole Soyinka",""
2,"324007515"," The Management of Business Logistics_ A Supply Chain Perspective","","","","Muriel Spark",""
2,"324066856"," Operations Management","","","","Art Spiegelman",""
2,"324171889"," Principles of Microeconomics","","","","Edward St Aubyn",""
2,"324174616"," Principles of Microeconomics","","","","John Steinbeck",""
2,"324188005"," Accounting","","","","Gloria Steinem",""
2,"324200145"," The Labor Relations Process","","","","Laurence Sterne",""
2,"324201605"," Marketing Research with Infortrac_ Methodological Foundations","","","","Robert Louis Stevenson",""
2,"324202237"," Management and Control of Quality","","","","Kathryn Stockett",""
2,"032420485X"," Legal Environment of Business","","","","Sue Townsend",""
2,"324204884"," Business_ Its Legal, Ethical And Global Environment","","","","Graham Swift",""
2,"324205643"," Economics_ Private and Public Choice","","","","Jonathan Swift",""
3,"324221134"," Economics_ Principles And Policy","","","","Nassim Nicholas Taleb",""
3,"032422155X"," Marketing with Infotrac","","","","Raymond Tallis",""
3,"324223048"," Business Communication_ Process and Product","","","","Alfred Tennyson",""
3,"324223102"," Auditing_ Concepts for a Changing Environment","","","","Studs Terkel",""
3,"324224702"," Organizational Behavior with Infotrac_ Foundations, Reality & Challenges","","","","Ngugi wa Thiong'o",""
3,"324225814"," Business and Society_ Ethics and Stakeholder Management","","","","Dylan Thomas",""
3,"324226128"," Small Business Management with Infotrac_ An Entrepreneurial Emphasis","","","","Hunter S Thompson",""
3,"324226292"," Auditing and Assurance Services","","","","Rupert Thomson",""
3,"324233108"," Cost Management_ Accounting And Control","","","","Colm Tóibín",""
3,"324233434"," Small Business_ An Entrepreneur's Business Plan","","","","JRR Tolkien",""
3,"324235011"," Cost Accounting_ Foundations and Evolutions","","","","Leo Tolstoy",""
3,"032423662X"," Economics","","","","Tom McCarthy",""
3,"324236700"," Microeconomics","","","","Claire Tomalin",""
3,"324236735"," Contemporary Marketing with Infotrac","","","","Justin Torres",""
3,"324258755"," Essentials of Managerial Finance with Infotrac","","","","William Trevor",""
3,"324259131"," Management_ Meeting and Exceeding Customer Expectations","","","","Hugh Trevor-Roper",""
3,"324259689"," Financial Management/infotrac_ Theory and Practice","","","","Anthony Trollope",""
3,"324259913"," International Business With Infotrac","","","","TS Eliot",""
3,"324260601"," Organization Development and Change/with infotrac","","","","Christos Tsiolkas",""
3,"324260768"," Practical Financial Management With Infotrac","","","","Mark Twain",""
3,"324261276"," The Leadership Experience With Infotrac","","","","David Uberti",""
3,"324270860"," Microeconomic Theory with Infotrac_ Basic Principles and Extensions","","","","Barry Unsworth",""
3,"324288417"," International Financial Management","","","","John Updike",""
3,"032428845X"," Financial Markets And Institutions","","","","Mario Vargas Llosa",""
3,"324288522"," Global Strategy with Infotrac","","","","Virgil",""
3,"324288603"," Economics_ A Contemporary Introduction","","","","Francois Marie Arouet de Voltaire",""
3,"032428893X"," Managerial Economics","","","","Kurt Vonnegut",""
3,"324289030"," Investment Analysis And Portfolio Management","","","","Derek Walcott",""
3,"324289081"," Contemporary Financial Management","","","","Alice Walker",""
3,"324289235"," Entrepreneurial Finance","","","","David Foster Wallace",""
3,"324289278"," Bank Management","","","","Natasha Walter",""
3,"324289561"," Advertising And Integrated Brand Promotion with Infotrac","","","","Joseph Wambaugh",""
3,"324289588"," Human Resource Management","","","","Jesmyn Ward",""
3,"324289782","324289782","","","","Alan Warner",""
3,"032428991X"," Managing Human Resources Through Strategic Partnerships","","","","Sarah Waters",""
3,"032430160X"," Fraud Examination","","","","Evelyn Waugh",""
3,"324302592"," Management_ Changes for Tomorrow's Leaders","","","","Fay Weldon",""
3,"324303904"," West's Business Law_ With Online Legal Research Guide","","","","HG Wells",""
3,"324314639"," Managing Human Resources- With Infotrac","","","","Irvine Welsh",""
3,"324316240"," Supervision_ Concepts And Practices of Management","","","","Edith Wharton",""
3,"324316593"," Management With Infotrac","","","","Edmund White",""
3,"324316941"," Strategic Managemnt_ Concepts And Cases- With Infotrac","","","","Oscar Wilde",""
3,"324317980"," Management with Infotrac","","","","Hugo Williams",""
3,"324319789"," Human Resource Development","","","","Tennessee Williams",""
3,"324319835"," Fundamentals of Financial Management, Concise Edition + Thomson One - Business School Edition And Tvm Card","","","","Jacqueline Wilson",""
3,"324320892"," Contemporary Business 2006","","","","Jeanette Winterson",""
3,"324321430","324321430","","","","PG Wodehouse",""
3,"324323638"," Organizational Behavior","","","","Naomi Wolf",""
3,"324376332"," Statistics for Management And Economics","","","","Tom Wolfe",""
3,"324400829"," Data Analysis & Decision Making With Infotrac","","","","Mary Wollstonecraft",""
3,"324405421"," Organization Theory And Design","","","","Virginia Woolf",""
3,"393924092","393924092","","","","William Wordsworth",""
3,"393924963"," Managerial Economics","","","","John Wyndham",""
3,"393925536"," Introduction to Sociology","","","","Diana Wynne Jones",""
3,"393927024"," Intermediate Microeconomics_  A Modern Approach","","","","Xinran",""
3,"393970833"," Statistics","","","","WB Yeats",""
3,"393975150"," Macroeconomics","","","","Slavoj Zizek",""
3,"393977765"," The Norton Field Guide To Writing","","","","Emile Zola",""
3,"393978796"," The Enjoyment of Music_ An Introduction to Perceptive Listening","","","","Eager, Edward",""
3,"393979059"," The Norton Anthology of American Literature, 1820-1865","","","","Eagle, Kathleen",""
3,"393979962"," The Personality Puzzle","","","","Eakins, Patricia",""
3,"395977274"," Geometry","","","","Ealey, Mark",""
3,"443100349"," Biochemistry Illustrated_ Biochemistry And Molecular Biology In The Post-genomic Era","","","","Earl, Robert",""
3,"471000779"," Process Dynamics and Control","","","","Earley, Tony",""
3,"471120626"," Stochastic Processes","","","","Earls, William",""
3,"471134767"," Automatic Control Systems","","","","Early, Jack",""
3,"471144487","471144487","","","","Early, Margot",""
3,"471152323"," Fundamentals of Thermodynamics","","","","Earnshaw, Fenton W.",""
3,"471153680"," Medical Instrumentation_ Application and Design","","","","Easley, MaryAnn",""
3,"471198269"," Mathematical Methods in the Physical Sciences","","","","Eason, Alethea",""
3,"471202312"," Introduction to Fluid Mechanics","","","","Eason, Lynette",""
3,"047123009X"," Government and Not-For-Profit Accounting_ Concepts and Practices","","","","East, Stella",""
3,"471232319"," Fundamentals of Physics_ Extended","","","","Easter, George A.",""
3,"471272140"," Probability and Stochastic Processes_ A Friendly Introduction for Electrical and Computer Engineers","","","","Easterling, P. E.",""
3,"471274712"," Fundamentals of Engineering Thermodynamics","","","","Easterman, Daniel",""
3,"471321680"," Analysis and Design of Analog Integrated Circuits","","","","Eastlake, Amy",""
3,"471348066"," Systems Analysis and Design With Uml Version 2.0_ An Object-Oriented Approach","","","","Eastman, P. D.",""
3,"471393622"," Spectrometric Identification of Organic Compounds","","","","Easton, M. Coleman",""
3,"471410772"," Transport Phenomena","","","","Easton, Thomas",""
3,"471413895"," Facilities Planning","","","","Eastwood, James",""
3,"047141526X"," Introduction To Solid State Physics","","","","Ebbs, Paul",""
3,"471417998"," Organic Chemistry","","","","Ebbutt, Maude",""
3,"471420840"," Microbiology_ Principles and Explorations","","","","Ebeling, Elisabeth",""
3,"471433373"," Elementary Numerical Analysis","","","","Eberhart, Mignon G.",""
3,"471433381"," Elementary Differential Equations and Boundary Value Problems","","","","Eberhart, Richard",""
3,"047143339X"," Elementary Differential Equations","","","","Ebershoff, David",""
3,"471445770"," Control Systems Engineering","","","","Eberts, Max",""
3,"471445932"," Theory And Design For Mechanical Measurements","","","","Ebner, Jeannie",""
3,"471450073"," Cognition","","","","Ebner-Eschenbach, Marie von",""
3,"471465801"," Cell and Molecular Biology_ Concepts and Experiments","","","","Eccles, Marjorie",""
3,"471470155"," Heating, Ventilating, and Air Conditioning_ Analysis and Design","","","","Echegaray, José",""
3,"471487287"," Basic Engineering Circuit Analysis","","","","Echlin, Kim",""
3,"047148735X"," Design And Analysis Of Experiments","","","","Eckart, Gabriele",""
3,"471488852"," Advanced Engineering Mathematics","","","","Eckert, Allan W.",""
3,"471563374"," Foundations of Multinational Financial Management","","","","Eckert, Horst",""
3,"471655279"," Financial Accounting","","","","Ecklar, Julia",""
3,"471656313"," Introduction to Statistical Quality Control","","","","Eco, Umberto",""
3,"471661775"," Fundamentals Of Machine Component Design","","","","Eddings, David",""
3,"471661783"," Managerial Accounting_ Tools For Business Decision Making","","","","Eddings, Leigh",""
3,"471662933"," Mathematics for Elementary Teachers_ A Contemporary Approach","","","","Eddington, Arthur",""
3,"471663158"," Physics","","","","Eddison, E.R.",""
3,"471675822"," Fundamentals of Fluid Mechanics","","","","Eddy, Jeff",""
3,"471681709"," Organizational Behavior","","","","Eddy, Paul",""
3,"471684767"," Marketing Research Essentials","","","","Edelman, David Louis",""
3,"471689343"," Principles Of Anatomy And Physiology","","","","Edelman, Lily",""
3,"471692093"," Operations Management","","","","Edelman, Scott",""
3,"471692387"," Abnormal Psychology","","","","Edelstein, Terese",""
3,"471694665"," Operating System Concepts","","","","Edens, Cooper",""
3,"471705225"," Information Technology For Management_ Transforming Organizations In The Digital Economy","","","","Kaaberbol, Lene",""
3,"471715379"," Project Management_ A Managerial Approach","","","","Kabak, Carrie",""
3,"471730424"," Introduction to Electric Circuits","","","","Kabir,",""
3,"471730513"," Financial Accounting_ Tools For Business Decision Making","","","","Kadare, Ismail",""
3,"471736368"," Introduction to Information Systems","","","","Kadmon, Cristina",""
3,"471736961"," Materials Science and Engineering_ An Introduction","","","","Kadohata, Cynthia",""
3,"471737690"," Multinational Financial Management","","","","Kadow, Jeannine",""
3,"471749559"," Intermediate Accounting","","","","Kadrey, Richard",""
3,"471755303"," Introductory Statistics_ Using Technolygy","","","","Kaewert, Julie",""
3,"495005614"," Sociology_ A Global Perspective","","","","Kafka, Franz",""
3,"495011622"," Meteorology Today","","","","Kagai,",""
3,"495012033"," Fundamentals of Organic Chemistry","","","","Kagan, Janet",""
3,"495015997","495015997","","","","Kagan, Norman",""
3,"495031283"," Essentials of Abnormal Psychology","","","","Kagesaki, Yuna",""
3,"495093254"," The Practice of Social Research","","","","Kahf, Mohja",""
3,"495187062"," World Politics_ Trend And Transformation","","","","Kahlau, Heinz",""
3,"521370957"," The Art of Electronics","","","","Kahn, James",""
3,"534209106"," Applied Regression Analysis and Other Multivariable Methods","","","","Kahn, Michael A.",""
3,"534229026"," Principles of Biostatistics","","","","Kahn, William B.",""
3,"534359450"," Discrete Mathematics With Applications With Infotrac","","","","Kahn, Wilma",""
3,"534378048"," Fundamentals of Logic Design","","","","Kaiga,",""
3,"534380581"," Operations Research With Infotrac_ Applications and Algorithms","","","","Kaiko, Takeshi",""
3,"534387438"," Traffic and Highway Engineering","","","","Kaip, Günther",""
3,"534389996"," Organic Chemistry With Infotrac","","","","Kaiser, Ernst",""
3,"534392008"," Numerical Analysis with ILRN","","","","Kaiser, Georg",""
3,"053439339X"," Calculus","","","","Kaiser, Gloria",""
3,"534399339"," Probability and Statistics for Engineering and the Sciences With Infotrac","","","","Kaiser, R.J.",""
3,"534405215"," Biochemistry","","","","Kaiser, Walter",""
3,"534408427"," Physics for Scientists and Engineers With Infotrac","","","","Kakar, Sudhir",""
3,"534408966"," Classical Dynamics of Particles and Systems","","","","Kakinouchi, Narumi",""
3,"534417930"," Mechanics of Materials With Infotrac","","","","Kako,",""
3,"534418058"," Elementary Survey Sampling","","","","Kakonis, Tom",""
3,"534418783"," A First Course In Differential Equations With Modeling Applications","","","","Kalam, Murad",""
3,"534491243"," Statistics For Management And Economics With Infotrac","","","","Kalbeck, Florian",""
3,"053449143X"," Principles Of Physics_ A Calculus-based Text","","","","Kaleb, Vjekoslav",""
3,"534492142"," Finite Mathematics For The Managerial, Life, And Social Sciences With Ilrn Tutorial","","","","Kalfus, Ken",""
3,"534536050"," Theory and Practice of Counseling and Psychotherapy","","","","Kalidasa,",""
3,"534553818"," Life-span Human Development","","","","Kalinin, Vadim",""
3,"534554016"," An Introduction To The History Of Psychology With Infotrac","","","","Kalis, Myranda",""
3,"534558100"," Perception","","","","Kalla, Daniel",""
3,"534559867"," Advanced Nutrition and Human Metabolism","","","","Kallentoft, Mons",""
3,"534585051"," A Concise Introduction to Logic","","","","Kallish-Hill, Bo",""
3,"534589626"," Introduction to Psychology","","","","Kallman, Chester Simon",""
3,"534589898"," Nutrition Through The Life Cycle With Infotrac","","","","Kallos, Stephanie",""
3,"534590535"," Comparative Politics_ Domestic Responses To Global Challenges","","","","Kalogridis, Jeanne",""
3,"534600085"," Western Civilization With Infotrac","","","","Kalotay, Daphne",""
3,"053460725X"," Development through Life_ A Psychosocial Approach","","","","Kalpakian, Laura",""
3,"534607950"," Groups With Infotrac_ Process And Practice","","","","Kamen, Dean",""
3,"534608590"," Psychology Applied To Modern Life_ Adjustment In The 21st Century","","","","Kamen, Jack",""
3,"534618596"," Marriages And Families_ Making Choices In A Diverse Soceity With Infotrac","","","","Kamenetskaya, Maria",""
3,"534621678"," Foundations_ A Reader For New College Students With Infotrac","","","","M'Coy, Abraham",""
3,"534948847"," Unit Operations and Processes in Environmental Engineering","","","","Maalouf, Amin",""
3,"534950973"," Introduction To The Theory Of Computation","","","","Maas, L.J.",""
3,"534997236"," College Physics","","","","Maas, Sharon",""
3,"053499766X"," Chemistry And Chemical Reactivity","","","","Maberry, Jonathan",""
3,"618400508"," Elementary Linear Algebra","","","","MacAdam, Alfred",""
3,"619215267"," Information Technology Project Management","","","","MacAfee, Norman",""
3,"061921743X"," Network+ Guide To Networks","","","","MacAlan, Peter",""
3,"619255749"," Microsoft Office 2003_Introductory Concepts And Techniques Word 2003, Excel 2003, Access 2003, Powerpoint","","","","MacAlister, Katie",""
3,"716715449"," Exploring Psychology","","","","MacAllister, Archibald T.",""
3,"716743396"," Lehninger Principles of Biochemistry","","","","MacAllister, Hamilton",""
3,"716743663"," Molecular Cell Biology","","","","MacAllister, Heather",""
3,"716752298"," Microeconomics","","","","MacAllister, P.J.",""
3,"716752379"," Macroeconomics","","","","MacAndrew, Andrew R.",""
3,"716757060"," The Developing Person Through the Life Span","","","","MacAnn, K.W.",""
3,"716758814"," Basic Practice of Statistics","","","","Macao, Marshall",""
3,"716764008"," Introduction To The Practice Of Statistics","","","","Macasocol, Jr., Jose",""
3,"716764466"," Psychology","","","","Macaulay, David",""
3,"716791595"," The Developing Human Though The Life Span","","","","MacAvoy, R. A.",""
3,"721601871"," Pathologic Basis of Disease","","","","MacBain, Bruce",""
3,"721602401"," Textbook Of Medical Physiology","","","","MacBeth, George",""
3,"721690033"," Oral & Maxillofacial Pathology","","","","MacBride, Alexander",""
3,"721697577"," Language of Medicine","","","","MacBride, Roger Lea",""
3,"721697739"," Physical Examination and Health Assessment","","","","MacBride, Stuart",""
3,"750661682"," Materials Selection In Mechanical Design","","","","MacCulloch, Simon",""
3,"076192261X"," Gender, Race and Class in Media_ A Text Reader","","","","MacDonagh, Donagh",""
3,"781736390"," Clinically Oriented Anatomy","","","","MacDonald, Andrew",""
3,"805306552"," Microbial Ecology_ Fundamentals and Applications","","","","MacDonald, Ann-Marie",""
3,"805330151"," Chemistry_ An Introduction to General, Organic, and Biological Chemistry","","","","MacDonald, Betty",""
3,"080534635X"," Molecular Biology of the Gene","","","","Macdonald, Cynthia",""
4,"805346651"," Igenetics_ A Molecular Approach","","","","MacDonald, George",""
4,"805346805"," World of the Cell","","","","Macdonald, Hector",""
4,"805347909"," Microbiology","","","","Macdonald, Ingrid",""
4,"805348301"," Elements of Ecology","","","","Macdonald, James D.",""
4,"805359095"," Human Anatomy & Physiology","","","","MacDonald, Janice",""
4,"805366245"," Biology","","","","MacDonald, John D.",""
4,"805368515"," Human Physiology_ An Integrated Approach","","","","X, Malcolm",""
4,"080537146X"," Biology","","","","X, Sulayman",""
4,"805371605"," Biology_ Concepts & Connections","","","","Xenophon of Ephesus,",""
4,"805372105"," Human Anatomy","","","","Xiao-yi, Bai",""
4,"805372539"," Human Anatomy & Physiology_ Cat Version","","","","Xingjian, Gao",""
4,"805372806"," Fundamentals of Anatomy & Physiology","","","","Xue, Can",""
4,"805373276"," Essentials Of Human Anatomy & Physiology","","","","Xun, Lu",""
4,"080537678X"," Microbiology With Diseases by Taxonomy","","","","Pablum, Rich",""
4,"805385665"," Optics","","","","Pacheco, José Emilio",""
4,"080538684X"," University Physics_ With Modern Physics","","","","Pachter, Josh",""
4,"805391908"," Conceptual Physics","","","","Pack, Janet",""
4,"884271781"," The Goal_ A Process of Ongoing Improvement 20th Anniversary Edition","","","","Pack, Robert",""
4,"890420254"," Diagnostic and Statistical Manual of Mental Disorders_ Text Revision","","","","Packard, Andrea",""
4,"1401860265"," Medical Terminology for Health Professions","","","","Packard, Edward",""
4,"1416000887"," Foundations of Psychiatric Mental Health Nursing_ A Clinical Approach","","","","Packard, Frank L.",""
4,"1416025340"," Basic Pathology","","","","Packard, Mary",""
4,"1418835935"," Database Systems_ Design, Implementation And Management","","","","Packer, Alfred",""
4,"1418835978"," Management Information Systems","","","","Packer, Vin",""
4,"1418836397"," C++ Programming_ From Problem Analysis to Program Design","","","","Packer, Z.Z.",""
4,"1418843709"," Discovering Computers 2007_ A Gateway to Information, Complete","","","","Pacosz, Christina",""
4,"1558606041"," Computer Organization and Design_ The Hardware/Software Interface","","","","Paddock, Nancy",""
4,"155860832X"," Computer Networks_ A Systems Approach","","","","Pade, Victoria",""
4,"1932531084"," The 10-Minute Marketer's Secret Formula_ A Shortcut to Extrordinary Profits Using Neighborhood Marketing","","","","Padgett, Abigail",""
