1,1446347523,"New",TRUE,TRUE,"",112.49,"Diane.Fang@duke.edu",92.49,FALSE,95.74,"26515628"
2,1446362438,"New",TRUE,TRUE,"",92.09,"Nakita.Berrios@duke.edu",72.09,FALSE,77.03,"30020786"
3,1446267731,"New",TRUE,TRUE,"",109.25,"Ramon.Lige@duke.edu",89.25,FALSE,90.65,"30350840"
4,1446281210,"New",TRUE,TRUE,"",87.04,"Kendrick.Waterfield@duke.edu",67.04,FALSE,71.78,"70109109"
5,1446483518,"New",TRUE,TRUE,"",137.65,"Becky.Ayer@duke.edu",117.65,FALSE,122.4,"70311366"
6,1446338745,"New",TRUE,TRUE,"",54.43,"Lakia.Daniell@duke.edu",34.43,FALSE,37.47,"70350485"
7,1446555324,"New",TRUE,TRUE,"",105.92,"Kendall.Matos@duke.edu",85.92,FALSE,86.71,"007035958X"
8,1446299155,"New",TRUE,TRUE,"",158.18,"Skye.Peugh@duke.edu",138.18,FALSE,142.39,"70393605"
9,1446570137,"New",TRUE,TRUE,"",127.56,"Lakeisha.Korhonen@duke.edu",107.56,FALSE,110.72,"70418780"
10,1446396781,"New",TRUE,TRUE,"",77.68,"Lane.Mcilvain@duke.edu",57.68,FALSE,60.03,"007054235X"
11,1446459686,"New",TRUE,TRUE,"",80.52,"Deloras.Modisette@duke.edu",60.52,FALSE,65.51,"72294337"
12,1446433774,"New",TRUE,TRUE,"",65.78,"Vernita.Lopinto@duke.edu",45.78,FALSE,47.19,"72299908"
13,1446332776,"New",TRUE,TRUE,"",105.36,"Tatiana.Hollabaugh@duke.edu",85.36,FALSE,87.2,"007231592X"
14,1446432287,"New",TRUE,TRUE,"",149.84,"Soon.Kennell@duke.edu",129.84,FALSE,132.85,"72321113"
15,1446430552,"New",TRUE,TRUE,"For ECON673",169.64,"Doretta.Westergard@duke.edu",149.64,FALSE,152.55,"72339705"
16,1446327652,"New",TRUE,TRUE,"",161.55,"Abbie.Hagerman@duke.edu",141.55,FALSE,143.29,"72345535"
17,1446288001,"New",TRUE,TRUE,"",130.08,"Lakiesha.Rome@duke.edu",110.08,FALSE,112.57,"72348984"
18,1446239266,"New",TRUE,TRUE,"",98.8,"Tena.Goosby@duke.edu",78.8,FALSE,80.11,"72350539"
19,1446455916,"New",TRUE,TRUE,"",44.94,"Bertram.Lafond@duke.edu",24.94,FALSE,28.39,"72380322"
20,1446474534,"New",TRUE,TRUE,"",122.84,"Linh.Rask@duke.edu",102.84,FALSE,103,"72385790"
21,1446306848,"New",TRUE,TRUE,"",108.17,"Nicolas.Bolduc@duke.edu",88.17,FALSE,90.27,"72392665"
22,1446377638,"New",TRUE,TRUE,"",96.34,"Alaine.Mackey@duke.edu",76.34,FALSE,78.98,"72398876"
23,1446334068,"New",TRUE,TRUE,"",63.44,"Elina.Hong@duke.edu",43.44,FALSE,47.49,"72402318"
24,1446390518,"New",TRUE,TRUE,"",98.59,"Sabine.Sowa@duke.edu",78.59,FALSE,79.06,"72406550"
25,1446325770,"New",TRUE,TRUE,"",124.27,"Georgia.Necessary@duke.edu",104.27,FALSE,105.34,"72431881"
26,1446483311,"New",TRUE,TRUE,"",51.05,"Evangeline.Gokey@duke.edu",31.05,FALSE,34.65,"72432020"
27,1446286099,"New",TRUE,TRUE,"",52.03,"Judy.Shahan@duke.edu",32.03,FALSE,34.33,"72437316"
28,1446334085,"New",TRUE,TRUE,"",59.4,"Shira.Shumake@duke.edu",39.4,FALSE,42.27,"72448482"
29,1446405366,"New",TRUE,TRUE,"",61.49,"Faustino.Delima@duke.edu",41.49,FALSE,46.25,"72452692"
30,1446230101,"New",TRUE,TRUE,"",118.56,"Ethan.Southwood@duke.edu",98.56,FALSE,102.35,"72460539"
31,1446313637,"New",TRUE,TRUE,"",63.77,"Carlotta.Schweitzer@duke.edu",43.77,FALSE,45.32,"007246352X"
32,1446338807,"New",TRUE,TRUE,"",55.95,"Amie.Cheesman@duke.edu",35.95,FALSE,40.34,"007246464X"
33,1446293027,"New",TRUE,TRUE,"",66.7,"Alix.Bixby@duke.edu",46.7,FALSE,50.13,"72465239"
34,1446405641,"New",TRUE,TRUE,"",143.95,"Migdalia.Sprvill@duke.edu",123.95,FALSE,126.11,"72465638"
35,1446252351,"New",TRUE,TRUE,"",100.62,"Wayne.Sorrels@duke.edu",80.62,FALSE,82.83,"72466855"
36,1446249861,"New",TRUE,TRUE,"",113.32,"Ariel.Brannon@duke.edu",93.32,FALSE,94.45,"72467509"
37,1446511911,"New",TRUE,TRUE,"",73.06,"Hollis.Rocchio@duke.edu",53.06,FALSE,55.48,"72468246"
38,1446553408,"New",TRUE,TRUE,"",96.53,"Awilda.Tunstall@duke.edu",76.53,FALSE,78.27,"007246836X"
39,1446244372,"New",TRUE,TRUE,"",166.12,"Alden.Golliday@duke.edu",146.12,FALSE,150.45,"72471468"
40,1446490640,"New",TRUE,TRUE,"",104.33,"Stanford.Hagerty@duke.edu",84.33,FALSE,86.59,"72478527"
41,1446439747,"New",TRUE,TRUE,"",68.26,"Britt.Kwak@duke.edu",48.26,FALSE,50.92,"72492953"
42,1446411891,"New",TRUE,TRUE,"",152.85,"Bobbye.Leavitt@duke.edu",132.85,FALSE,134.24,"72499389"
43,1446480250,"New",TRUE,TRUE,"",42.83,"Lanell.Glanton@duke.edu",22.83,FALSE,27.54,"72505036"
44,1446203152,"New",TRUE,TRUE,"",53.62,"Alexa.Acquaviva@duke.edu",33.62,FALSE,36.58,"72525231"
45,1446232132,"New",TRUE,TRUE,"",103.83,"Carrie.Verdugo@duke.edu",83.83,FALSE,84.6,"72528303"
46,1446369085,"New",TRUE,TRUE,"",117.68,"Scottie.Poissant@duke.edu",97.68,FALSE,99.1,"72534958"
47,1446466798,"New",TRUE,TRUE,"",147.87,"Neal.Woodburn@duke.edu",127.87,FALSE,131.39,"72819359"
48,1446385346,"New",TRUE,TRUE,"For ECON602",64.04,"Luciano.Madonia@duke.edu",44.04,FALSE,44.63,"72823402"
49,1446360823,"New",TRUE,TRUE,"",96.94,"Regena.Conner@duke.edu",76.94,FALSE,79.69,"72827416"
50,1446427523,"New",TRUE,TRUE,"",77.8,"Josh.Funk@duke.edu",57.8,FALSE,61.62,"72828803"
51,1446279573,"New",TRUE,TRUE,"",67.84,"Emmie.Stoll@duke.edu",47.84,FALSE,50.76,"72829206"
52,1446281126,"New",TRUE,TRUE,"",141.35,"Shenna.Horne@duke.edu",121.35,FALSE,124.4,"72830085"
53,1446238476,"New",TRUE,TRUE,"",141.17,"Tobias.Jorgenson@duke.edu",121.17,FALSE,123.71,"72830875"
54,1446395454,"New",TRUE,TRUE,"",160.92,"Anisa.Tatro@duke.edu",140.92,FALSE,145.07,"72831561"
55,1446347218,"New",TRUE,TRUE,"",103.77,"Mollie.Pietrzak@duke.edu",83.77,FALSE,85.93,"72834943"
56,1446474839,"New",TRUE,TRUE,"",89.2,"Tameika.Thome@duke.edu",69.2,FALSE,72.39,"72838787"
57,1446230417,"New",TRUE,TRUE,"",161.87,"Taisha.Pride@duke.edu",141.87,FALSE,145.29,"72846119"
58,1446357470,"New",TRUE,TRUE,"",76.21,"Lanie.Bald@duke.edu",56.21,FALSE,60.54,"72848235"
59,1446376646,"New",TRUE,TRUE,"",95.61,"Almeda.Holmberg@duke.edu",75.61,FALSE,79.4,"72859342"
60,1446201556,"New",TRUE,TRUE,"",41.97,"Wendell.Tocco@duke.edu",21.97,FALSE,25.04,"72861789"
61,1446231967,"New",TRUE,TRUE,"",164.05,"Arletta.Jiang@duke.edu",144.05,FALSE,144.98,"72864478"
62,1446368407,"New",TRUE,TRUE,"",81.94,"Tyrone.Rozier@duke.edu",61.94,FALSE,62.38,"72864877"
63,1446394535,"New",TRUE,TRUE,"",107.97,"China.Chavarin@duke.edu",87.97,FALSE,91.14,"72865784"
64,1446420995,"New",TRUE,TRUE,"",75.4,"Rozella.Studebaker@duke.edu",55.4,FALSE,60.13,"72865989"
65,1446363004,"New",TRUE,TRUE,"",90.45,"Kris.Craddock@duke.edu",70.45,FALSE,70.86,"72871776"
66,1446359174,"New",TRUE,TRUE,"",147.69,"Alma.Kirby@duke.edu",127.69,FALSE,131.94,"72872527"
67,1446330608,"New",TRUE,TRUE,"",86.23,"Fabiola.Hartshorn@duke.edu",66.23,FALSE,66.64,"72873795"
68,1446558157,"New",TRUE,TRUE,"",134.8,"Velia.Malagon@duke.edu",114.8,FALSE,116.88,"72875062"
69,1446407246,"New",TRUE,TRUE,"",166.53,"Jenelle.Delpino@duke.edu",146.53,FALSE,148.99,"72876484"
70,1446400063,"New",TRUE,TRUE,"",167.09,"Earline.Christian@duke.edu",147.09,FALSE,149.51,"72881208"
71,1446211820,"New",TRUE,TRUE,"",42.55,"Zenaida.Rehbein@duke.edu",22.55,FALSE,22.85,"72887605"
72,1446176286,"New",TRUE,TRUE,"",125.39,"Alline.Eilers@duke.edu",105.39,FALSE,109.57,"72918993"
73,1446492997,"excellent",TRUE,TRUE,"",155.35,"Collette.Fetzer@duke.edu",135.35,FALSE,139.57,"72919817"
74,1446448005,"excellent",TRUE,TRUE,"",165.77,"Hae.Underhill@duke.edu",145.77,FALSE,146,"72921641"
75,1446311609,"excellent",TRUE,TRUE,"",57.99,"Reggie.Inoue@duke.edu",37.99,FALSE,42.32,"72921935"
76,1446340270,"excellent",TRUE,TRUE,"",79.37,"Liz.Boniello@duke.edu",59.37,FALSE,59.89,"72922184"
77,1446440489,"excellent",TRUE,TRUE,"",165.25,"Fran.Sylvia@duke.edu",145.25,FALSE,150.03,"72922427"
78,1446458916,"excellent",TRUE,TRUE,"",161.08,"Tamela.Winsor@duke.edu",141.08,FALSE,143.12,"007293414X"
79,1446410930,"excellent",TRUE,TRUE,"",89,"Nestor.Calvo@duke.edu",69,FALSE,70.54,"007293588X"
80,1446499225,"excellent",TRUE,TRUE,"",40.24,"Tierra.Givan@duke.edu",20.24,FALSE,21.61,"72936932"
81,1446563680,"excellent",TRUE,TRUE,"",152.24,"Orpha.Kraus@duke.edu",132.24,FALSE,133.34,"72947756"
82,1446344165,"excellent",TRUE,TRUE,"",169.49,"Whitley.Mahon@duke.edu",149.49,FALSE,153.9,"72947888"
83,1446398041,"excellent",TRUE,TRUE,"",66.3,"Byron.Leek@duke.edu",46.3,FALSE,50.46,"72951753"
84,1446522452,"excellent",TRUE,TRUE,"",127.16,"Grisel.Tomasek@duke.edu",107.16,FALSE,110.1,"72957239"
85,1446344253,"excellent",TRUE,TRUE,"",74.18,"Rima.Mcnamara@duke.edu",54.18,FALSE,54.41,"72958863"
86,1446291774,"excellent",TRUE,TRUE,"",42.46,"Sheila.Sheley@duke.edu",22.46,FALSE,23.31,"72961449"
87,1446275142,"excellent",TRUE,TRUE,"",62.89,"Lowell.Hopple@duke.edu",42.89,FALSE,47.38,"007296183X"
88,1446329648,"excellent",TRUE,TRUE,"",103.31,"Creola.Deveau@duke.edu",83.31,FALSE,87.29,"72961902"
89,1446392772,"excellent",TRUE,TRUE,"",76.75,"Adelina.Annunziata@duke.edu",56.75,FALSE,57.37,"72961945"
90,1446488128,"excellent",TRUE,TRUE,"",95.03,"Claudine.Ortega@duke.edu",75.03,FALSE,75.41,"007296216X"
91,1446398089,"excellent",TRUE,TRUE,"",83.24,"Eugenia.Willmon@duke.edu",63.24,FALSE,63.74,"72962216"
92,1446471180,"excellent",TRUE,TRUE,"",166.64,"Leonarda.Joyal@duke.edu",146.64,FALSE,147.64,"72963050"
93,1446566901,"excellent",TRUE,TRUE,"",120.24,"Melissa.Lytton@duke.edu",100.24,FALSE,101.67,"72964200"
94,1446530826,"excellent",TRUE,TRUE,"",74.02,"Clement.Croston@duke.edu",54.02,FALSE,58.55,"72964464"
95,1446552479,"excellent",TRUE,TRUE,"",101.25,"Lindsey.Pendergraft@duke.edu",81.25,FALSE,85.75,"72964723"
96,1446396861,"excellent",TRUE,TRUE,"",133.78,"Michell.Notaro@duke.edu",113.78,FALSE,117.63,"72965975"
97,1446462626,"excellent",TRUE,TRUE,"",121.08,"Sarita.Barto@duke.edu",101.08,FALSE,104.3,"72966343"
98,1446251068,"excellent",TRUE,TRUE,"",72.32,"Keven.Conlon@duke.edu",52.32,FALSE,56.95,"72966556"
99,1446383207,"excellent",TRUE,TRUE,"",110.09,"Lauran.Summerville@duke.edu",90.09,FALSE,94.05,"72967722"
100,1446340091,"excellent",TRUE,TRUE,"",87.37,"Eileen.Chess@duke.edu",67.37,FALSE,71.67,"72971215"
101,1446315089,"excellent",TRUE,TRUE,"",41.47,"Isreal.Urban@duke.edu",21.47,FALSE,26.08,"72971223"
102,1446466029,"excellent",TRUE,TRUE,"",69.8,"Tomi.Maggio@duke.edu",49.8,FALSE,53.65,"72971231"
103,1446178016,"excellent",TRUE,TRUE,"",68.66,"Jerrold.Vanderhorst@duke.edu",48.66,FALSE,52.37,"72975865"
104,1446299967,"excellent",TRUE,TRUE,"",131.9,"Dwayne.Seal@duke.edu",111.9,FALSE,113.2,"72976756"
105,1446520335,"excellent",TRUE,TRUE,"",151.13,"Julianna.Wurster@duke.edu",131.13,FALSE,132.17,"72976861"
106,1446325776,"excellent",TRUE,TRUE,"",51.65,"Trudy.Borgen@duke.edu",31.65,FALSE,32.55,"72977353"
107,1446494980,"excellent",TRUE,TRUE,"",76.54,"Leighann.Cruickshank@duke.edu",56.54,FALSE,57.28,"72977450"
108,1446334580,"excellent",TRUE,TRUE,"",64.07,"Dean.Wittmer@duke.edu",44.07,FALSE,46.18,"72977515"
109,1446461562,"excellent",TRUE,TRUE,"",65.87,"Margurite.Klingman@duke.edu",45.87,FALSE,50.18,"72977558"
110,1446416717,"excellent",TRUE,TRUE,"",81.63,"Marlena.Babb@duke.edu",61.63,FALSE,62.12,"72978635"
111,1446506933,"excellent",TRUE,TRUE,"",167.09,"Alverta.Fiorito@duke.edu",147.09,FALSE,151.62,"72979526"
112,1446530726,"excellent",TRUE,TRUE,"",151.77,"Lorriane.Freed@duke.edu",131.77,FALSE,135.19,"72980907"
113,1446483223,"excellent",TRUE,TRUE,"",71.13,"Linnie.Blais@duke.edu",51.13,FALSE,54.63,"72982713"
114,1446350443,"excellent",TRUE,TRUE,"",60.95,"Aleisha.Beer@duke.edu",40.95,FALSE,42.08,"72983019"
115,1446275993,"excellent",TRUE,TRUE,"",133.03,"Isaac.Sharman@duke.edu",113.03,FALSE,113.89,"72983809"
116,1446403599,"excellent",TRUE,TRUE,"",40.43,"Ambrose.Homeyer@duke.edu",20.43,FALSE,22.27,"72983906"
117,1446362280,"excellent",TRUE,TRUE,"",152.93,"Colton.Gilchrist@duke.edu",132.93,FALSE,135.83,"72986212"
118,1446226139,"excellent",TRUE,TRUE,"",141.45,"Carey.Santoyo@duke.edu",121.45,FALSE,121.57,"72986220"
119,1446505508,"excellent",TRUE,TRUE,"",108.13,"Alfonzo.Lopez@duke.edu",88.13,FALSE,90.62,"72987170"
120,1446440029,"excellent",TRUE,TRUE,"",96.03,"Darline.Boyton@duke.edu",76.03,FALSE,79.63,"72987227"
121,1446377717,"excellent",TRUE,TRUE,"",128.54,"Marilynn.Bickett@duke.edu",108.54,FALSE,110.95,"72987286"
122,1446443553,"excellent",TRUE,TRUE,"",63.92,"Yulanda.Abram@duke.edu",43.92,FALSE,47.44,"72987324"
123,1446480132,"excellent",TRUE,TRUE,"",90.93,"Sheilah.Mone@duke.edu",70.93,FALSE,73.21,"007298936X"
124,1446320067,"excellent",TRUE,TRUE,"",80.8,"Synthia.Bhatt@duke.edu",60.8,FALSE,62.72,"72990716"
125,1446329766,"excellent",TRUE,TRUE,"",164.42,"Oswaldo.Keim@duke.edu",144.42,FALSE,148.72,"72991054"
126,1446455252,"excellent",TRUE,TRUE,"",96.69,"Barbara.Estey@duke.edu",76.69,FALSE,79.97,"72992565"
127,1446516008,"excellent",TRUE,TRUE,"",157.1,"Shelba.Kissell@duke.edu",137.1,FALSE,140.95,"72994029"
128,1446385402,"excellent",TRUE,TRUE,"",136.36,"Clair.Splawn@duke.edu",116.36,FALSE,120.4,"72994355"
129,1446446810,"excellent",TRUE,TRUE,"",42.24,"Ashely.Owens@duke.edu",22.24,FALSE,25.2,"72994428"
130,1446313280,"excellent",TRUE,TRUE,"",51.64,"Lakenya.Ord@duke.edu",31.64,FALSE,33.68,"72995688"
131,1446481348,"excellent",TRUE,TRUE,"",118.77,"Nevada.Kimber@duke.edu",98.77,FALSE,102.87,"72996862"
132,1446349806,"excellent",TRUE,TRUE,"",142.72,"Felisa.Pete@duke.edu",122.72,FALSE,123.61,"73011215"
133,1446400238,"excellent",TRUE,TRUE,"",40.01,"Dale.Knebel@duke.edu",20.01,FALSE,20.35,"73012386"
134,1446236671,"excellent",TRUE,TRUE,"",80.06,"Kellee.Guillory@duke.edu",60.06,FALSE,63.78,"73016039"
135,1446374185,"excellent",TRUE,TRUE,"",144.06,"Brynn.Veliz@duke.edu",124.06,FALSE,127.8,"73018376"
136,1446394509,"excellent",TRUE,TRUE,"",112.02,"Clara.Ordway@duke.edu",92.02,FALSE,92.12,"73018651"
137,1446339434,"excellent",TRUE,TRUE,"",75.21,"Christia.Umland@duke.edu",55.21,FALSE,57.86,"007301933X"
138,1446456768,"excellent",TRUE,TRUE,"",139.48,"Arlie.Bolenbaugh@duke.edu",119.48,FALSE,122.69,"73040762"
139,1446343158,"excellent",TRUE,TRUE,"",107.36,"Stacia.Husain@duke.edu",87.36,FALSE,88.55,"73044652"
140,1446333816,"excellent",TRUE,TRUE,"",50.03,"Marceline.Goe@duke.edu",30.03,FALSE,33.82,"73046671"
141,1446337496,"excellent",TRUE,TRUE,"",72.04,"Nell.Goldberg@duke.edu",52.04,FALSE,55.24,"73048380"
142,1446506740,"excellent",TRUE,TRUE,"",42.59,"Andree.Alongi@duke.edu",22.59,FALSE,24.36,"73049204"
143,1446248165,"excellent",TRUE,TRUE,"",47.02,"Tyra.Brawn@duke.edu",27.02,FALSE,29.62,"73049212"
144,1446493142,"excellent",TRUE,TRUE,"",119.55,"Myrta.Kain@duke.edu",99.55,FALSE,104.23,"73050199"
145,1446502593,"excellent",TRUE,TRUE,"",40.29,"Marylyn.Lippold@duke.edu",20.29,FALSE,22.79,"73051888"
146,1446451901,"excellent",TRUE,TRUE,"",51.78,"Jackson.Blazer@duke.edu",31.78,FALSE,32.05,"73051896"
147,1446408828,"excellent",TRUE,TRUE,"",113.85,"Roberto.Derksen@duke.edu",93.85,FALSE,97.99,"73052337"
148,1446485989,"excellent",TRUE,TRUE,"",139.97,"Gale.Fleener@duke.edu",119.97,FALSE,123.45,"73080152"
149,1446338588,"excellent",TRUE,TRUE,"",132.07,"Loyce.Oconnor@duke.edu",112.07,FALSE,113.67,"73100234"
150,1446487773,"excellent",TRUE,TRUE,"",130.44,"Gregory.Niemi@duke.edu",110.44,FALSE,113.7,"73101567"
151,1446412066,"excellent",TRUE,TRUE,"",148.75,"Adena.Shelman@duke.edu",128.75,FALSE,130.24,"73101591"
152,1446339330,"excellent",TRUE,TRUE,"",134.49,"Particia.Landeros@duke.edu",114.49,FALSE,117.53,"73101699"
153,1446398675,"excellent",TRUE,TRUE,"",168.2,"Howard.Branco@duke.edu",148.2,FALSE,149.05,"73101702"
154,1446437473,"excellent",TRUE,TRUE,"",47.09,"Lovetta.Stamey@duke.edu",27.09,FALSE,28.46,"73101710"
155,1446562299,"excellent",TRUE,TRUE,"",73.06,"Elaine.Matus@duke.edu",53.06,FALSE,53.2,"73101745"
156,1446238750,"excellent",TRUE,TRUE,"",53.04,"Reiko.Jaffe@duke.edu",33.04,FALSE,36.49,"73101761"
157,1446425462,"excellent",TRUE,TRUE,"",133.79,"Jillian.Pavia@duke.edu",113.79,FALSE,115.09,"73102555"
158,1446351280,"excellent",TRUE,TRUE,"",73.49,"Enriqueta.Sexton@duke.edu",53.49,FALSE,58.17,"73104027"
159,1446366933,"excellent",TRUE,TRUE,"",161.34,"Branda.Brueggeman@duke.edu",141.34,FALSE,142.18,"73104450"
160,1446347053,"excellent",TRUE,TRUE,"",162.43,"Elza.Saucier@duke.edu",142.43,FALSE,144.48,"73104639"
161,1446472612,"excellent",TRUE,TRUE,"",56.45,"Hilda.Dieter@duke.edu",36.45,FALSE,37.06,"73104647"
162,1446447829,"excellent",TRUE,TRUE,"",87.21,"Felipe.Eisenbarth@duke.edu",67.21,FALSE,69.77,"73105767"
163,1446354917,"excellent",TRUE,TRUE,"",122.26,"Jacquelyn.Bogle@duke.edu",102.26,FALSE,105.16,"73107638"
164,1446361218,"excellent",TRUE,TRUE,"",66.77,"Harriette.Donaghy@duke.edu",46.77,FALSE,49.93,"73107670"
165,1446282303,"excellent",TRUE,TRUE,"",120.88,"Elayne.Howes@duke.edu",100.88,FALSE,103.31,"73107689"
166,1446455309,"excellent",TRUE,TRUE,"",142.84,"Keeley.Cole@duke.edu",122.84,FALSE,126.18,"73107956"
167,1446311860,"excellent",TRUE,TRUE,"",70.84,"Scott.Janowski@duke.edu",50.84,FALSE,55.4,"007310874X"
168,1446392156,"excellent",TRUE,TRUE,"",88.92,"Shiloh.Lussier@duke.edu",68.92,FALSE,72.26,"007310938X"
169,1446406420,"excellent",TRUE,TRUE,"",64.37,"Elfreda.Linz@duke.edu",44.37,FALSE,49.26,"007310941X"
170,1446510658,"excellent",TRUE,TRUE,"",164.14,"Doyle.Raybon@duke.edu",144.14,FALSE,145.82,"73109444"
171,1446453948,"excellent",TRUE,TRUE,"",43.23,"Jean.Duerr@duke.edu",23.23,FALSE,25.32,"73109630"
172,1446444828,"excellent",TRUE,TRUE,"",105.86,"Cher.Paulus@duke.edu",85.86,FALSE,87.89,"73121657"
173,1446487328,"excellent",TRUE,TRUE,"",141.45,"Su.Furlow@duke.edu",121.45,FALSE,124.34,"73121665"
174,1446417545,"excellent",TRUE,TRUE,"",95.19,"Rachele.Lowman@duke.edu",75.19,FALSE,77.64,"73122580"
175,1446448792,"excellent",TRUE,TRUE,"",110.53,"Eric.Fentress@duke.edu",90.53,FALSE,92.38,"73122866"
176,1446302204,"excellent",TRUE,TRUE,"",43.56,"Leoma.Lasater@duke.edu",23.56,FALSE,24.38,"73126993"
177,1446283034,"excellent",TRUE,TRUE,"",78,"Sharen.Lacayo@duke.edu",58,FALSE,61.64,"73128929"
178,1446243353,"excellent",TRUE,TRUE,"",47.75,"Brittanie.Severance@duke.edu",27.75,FALSE,29.7,"73130826"
179,1446356926,"excellent",TRUE,TRUE,"",90.2,"Dawna.Herring@duke.edu",70.2,FALSE,70.43,"73131946"
180,1446390446,"excellent",TRUE,TRUE,"",117.58,"Waneta.Gossage@duke.edu",97.58,FALSE,100.31,"73134287"
181,1446560449,"excellent",TRUE,TRUE,"",125.89,"Pa.Roger@duke.edu",105.89,FALSE,110.44,"73134295"
182,1446479156,"excellent",TRUE,TRUE,"",121.94,"Venetta.Golub@duke.edu",101.94,FALSE,104.57,"73134937"
183,1446282365,"excellent",TRUE,TRUE,"",115.65,"Ramon.Eldred@duke.edu",95.65,FALSE,98.05,"73135690"
184,1446394540,"excellent",TRUE,TRUE,"",65.12,"Kenton.Cavazos@duke.edu",45.12,FALSE,49.91,"73135852"
185,1446329544,"excellent",TRUE,TRUE,"",101,"Cassondra.Burkhead@duke.edu",81,FALSE,81.19,"73135941"
186,1446363900,"excellent",TRUE,TRUE,"",150.08,"Harland.Schweigert@duke.edu",130.08,FALSE,134.4,"73136905"
187,1446280510,"excellent",TRUE,TRUE,"",132.45,"Kristyn.Lasko@duke.edu",112.45,FALSE,115.64,"73137537"
188,1446446032,"excellent",TRUE,TRUE,"",66.99,"Dori.Dineen@duke.edu",46.99,FALSE,48.08,"73138339"
189,1446295152,"excellent",TRUE,TRUE,"",164.02,"Conception.Jalbert@duke.edu",144.02,FALSE,148.4,"73138967"
190,1446451097,"excellent",TRUE,TRUE,"",136,"Abel.Leventhal@duke.edu",116,FALSE,117.44,"73191752"
191,1446511512,"excellent",TRUE,TRUE,"",141.46,"Darwin.Hannaford@duke.edu",121.46,FALSE,124.28,"73191817"
192,1446556586,"excellent",TRUE,TRUE,"",150.52,"Terina.Work@duke.edu",130.52,FALSE,131.56,"73191833"
193,1446320361,"excellent",TRUE,TRUE,"",62.04,"Dion.Hudec@duke.edu",42.04,FALSE,43.11,"73192635"
194,1446237964,"excellent",TRUE,TRUE,"",40.89,"Sirena.Devine@duke.edu",20.89,FALSE,24.64,"73194174"
195,1446543240,"excellent",TRUE,TRUE,"",140.54,"Mindi.Almquist@duke.edu",120.54,FALSE,124.41,"73203130"
196,1446380770,"excellent",TRUE,TRUE,"",48.04,"Herlinda.Felten@duke.edu",28.04,FALSE,31.9,"73205346"
197,1446473250,"excellent",TRUE,TRUE,"",115.61,"Gay.Callanan@duke.edu",95.61,FALSE,100.01,"73211141"
198,1446456438,"excellent",TRUE,TRUE,"",139.46,"Noemi.Pressler@duke.edu",119.46,FALSE,122.35,"73214876"
199,1446391909,"excellent",TRUE,TRUE,"",136.92,"Brandie.Moldenhauer@duke.edu",116.92,FALSE,120.27,"73215775"
200,1446374970,"excellent",TRUE,TRUE,"",155.12,"Dierdre.Schweitzer@duke.edu",135.12,FALSE,136.48,"73219460"
201,1446467890,"excellent",TRUE,TRUE,"",42.26,"Mina.Dunneback@duke.edu",22.26,FALSE,23.09,"73220337"
202,1446441125,"excellent",TRUE,TRUE,"",55.82,"Miesha.Rosales@duke.edu",35.82,FALSE,40.09,"73221074"
203,1446317333,"excellent",TRUE,TRUE,"",100.3,"Diedre.Wilkinson@duke.edu",80.3,FALSE,82.62,"73224359"
204,1446426067,"excellent",TRUE,TRUE,"",113.79,"Mercedez.Jusino@duke.edu",93.79,FALSE,96.71,"73229784"
205,1446205965,"excellent",TRUE,TRUE,"",61.84,"Rochel.Gerst@duke.edu",41.84,FALSE,43.32,"73250325"
206,1446546789,"excellent",TRUE,TRUE,"",73.36,"Veda.Buckley@duke.edu",53.36,FALSE,56.17,"73256439"
207,1446396785,"excellent",TRUE,TRUE,"",107.94,"Justina.Yawn@duke.edu",87.94,FALSE,90.32,"73660094"
208,1446393040,"excellent",TRUE,TRUE,"",160.58,"Wendie.Lappin@duke.edu",140.58,FALSE,142.79,"73660558"
209,1446427148,"excellent",TRUE,TRUE,"",163.21,"Andreas.Byerley@duke.edu",143.21,FALSE,143.72,"125980558"
210,1446475284,"excellent",TRUE,TRUE,"",69.86,"Kaye.Maus@duke.edu",49.86,FALSE,54.72,"125980574"
211,1446334914,"excellent",TRUE,TRUE,"",79.86,"Erica.Whelan@duke.edu",59.86,FALSE,60.74,"130082058"
212,1446320224,"excellent",TRUE,TRUE,"",114.21,"Noel.Mahnke@duke.edu",94.21,FALSE,98.24,"130083690"
213,1446402974,"excellent",TRUE,TRUE,"",106.5,"Trena.Mcmullan@duke.edu",86.5,FALSE,89.56,"130084611"
214,1446365888,"excellent",TRUE,TRUE,"",46.26,"Cristal.Essex@duke.edu",26.26,FALSE,27.67,"130085073"
215,1446310765,"excellent",TRUE,TRUE,"",75.91,"Alexander.Simonton@duke.edu",55.91,FALSE,59.86,"130085197"
216,1446352928,"excellent",TRUE,TRUE,"",89.58,"Siu.Gendreau@duke.edu",69.58,FALSE,73.1,"130088471"
217,1446392456,"excellent",TRUE,TRUE,"",72.29,"Delana.Winland@duke.edu",52.29,FALSE,54.83,"130167630"
218,1446377746,"excellent",TRUE,TRUE,"",72.87,"Marvin.Corlew@duke.edu",52.87,FALSE,53.97,"130175986"
219,1446290317,"excellent",TRUE,TRUE,"",110.75,"Jerald.Stumbo@duke.edu",90.75,FALSE,90.98,"130281271"
220,1446337802,"excellent",TRUE,TRUE,"",156.25,"Tiara.Auer@duke.edu",136.25,FALSE,136.54,"130307912"
221,1446452263,"excellent",TRUE,TRUE,"",117.02,"Tobias.Duval@duke.edu",97.02,FALSE,98.54,"130313580"
222,1446214809,"excellent",TRUE,TRUE,"",160.21,"Tena.Holloway@duke.edu",140.21,FALSE,140.55,"130332712"
223,1446382168,"excellent",TRUE,TRUE,"",61.8,"Melda.Kinsey@duke.edu",41.8,FALSE,43.57,"013034074X"
224,1446515235,"excellent",TRUE,TRUE,"",75.33,"Blair.Wagnon@duke.edu",55.33,FALSE,56.02,"130342815"
225,1446330886,"excellent",TRUE,TRUE,"",106.66,"Luanne.Rowton@duke.edu",86.66,FALSE,88.9,"130352802"
226,1446454502,"excellent",TRUE,TRUE,"",136.03,"Kennith.Ostler@duke.edu",116.03,FALSE,118.38,"130354716"
227,1446446274,"excellent",TRUE,TRUE,"",88.77,"Rosa.Gentry@duke.edu",68.77,FALSE,71.6,"130384712"
228,1446509621,"excellent",TRUE,TRUE,"",122.65,"Branden.Murphree@duke.edu",102.65,FALSE,106.22,"130404675"
229,1446375208,"excellent",TRUE,TRUE,"",86.59,"Sara.Begum@duke.edu",66.59,FALSE,66.98,"130408719"
230,1446398146,"excellent",TRUE,TRUE,"",130.43,"Marquitta.Knowles@duke.edu",110.43,FALSE,114.65,"130411507"
231,1446436715,"excellent",TRUE,TRUE,"",57.62,"Micah.Maust@duke.edu",37.62,FALSE,41.63,"013041977X"
232,1446562658,"excellent",TRUE,TRUE,"",63.22,"Tabitha.Comstock@duke.edu",43.22,FALSE,47.21,"130460192"
233,1446482617,"excellent",TRUE,TRUE,"",57.41,"Jeremiah.Sant@duke.edu",37.41,FALSE,40.55,"130461067"
234,1446210690,"excellent",TRUE,TRUE,"",40.64,"Laurinda.Louden@duke.edu",20.64,FALSE,24.38,"130466417"
235,1446537872,"excellent",TRUE,TRUE,"",153.46,"Eulah.Diggins@duke.edu",133.46,FALSE,138.01,"130471100"
236,1446260767,"excellent",TRUE,TRUE,"",132.71,"Beatriz.Gilkes@duke.edu",112.71,FALSE,114.38,"130473944"
237,1446421824,"excellent",TRUE,TRUE,"",147.39,"Margy.Thiele@duke.edu",127.39,FALSE,128.41,"130489875"
238,1446272817,"excellent",TRUE,TRUE,"",75.99,"Vivienne.Ali@duke.edu",55.99,FALSE,59.02,"130606200"
239,1446331084,"excellent",TRUE,TRUE,"",96.54,"Madelene.Winans@duke.edu",76.54,FALSE,77.09,"130608998"
240,1446530788,"excellent",TRUE,TRUE,"",167.12,"Salome.Remus@duke.edu",147.12,FALSE,149.56,"130609072"
241,1446287869,"excellent",TRUE,TRUE,"",144.42,"Takisha.Okamoto@duke.edu",124.42,FALSE,129.29,"130618853"
242,1446368093,"excellent",TRUE,TRUE,"",114.61,"Delorse.Hindle@duke.edu",94.61,FALSE,97.77,"130652458"
243,1446445502,"excellent",TRUE,TRUE,"",118.8,"Parker.Mccabe@duke.edu",98.8,FALSE,100.59,"130661899"
244,1446385278,"excellent",TRUE,TRUE,"",121.72,"Mozell.Bronk@duke.edu",101.72,FALSE,106.45,"013066491X"
245,1446271258,"excellent",TRUE,TRUE,"",130.37,"Alease.Pekar@duke.edu",110.37,FALSE,114.06,"013081542X"
246,1446462883,"excellent",TRUE,TRUE,"",129.01,"Marhta.Robards@duke.edu",109.01,FALSE,113.05,"130819085"
247,1446288172,"excellent",TRUE,TRUE,"",151.31,"Isabell.Heap@duke.edu",131.31,FALSE,135.54,"130868175"
248,1446373957,"excellent",TRUE,TRUE,"",77.52,"Lakita.Martel@duke.edu",57.52,FALSE,59.24,"130882399"
249,1446410967,"excellent",TRUE,TRUE,"",45.91,"Dung.Mcconville@duke.edu",25.91,FALSE,30.48,"130889784"
250,1446434423,"excellent",TRUE,TRUE,"",138.16,"Blossom.Dewall@duke.edu",118.16,FALSE,122.54,"130909963"
251,1446553274,"excellent",TRUE,TRUE,"",114.55,"Hayden.Gines@duke.edu",94.55,FALSE,95.37,"130925535"
252,1446574010,"excellent",TRUE,TRUE,"",56.61,"Teisha.Greaney@duke.edu",36.61,FALSE,40.11,"130930857"
253,1446475806,"excellent",TRUE,TRUE,"",137.38,"Marsha.Satterlee@duke.edu",117.38,FALSE,118.49,"131013653"
254,1446534132,"excellent",TRUE,TRUE,"",100.03,"Margarett.Wasmund@duke.edu",80.03,FALSE,84.81,"013101367X"
255,1446490565,"excellent",TRUE,TRUE,"",131.73,"Sid.Bitner@duke.edu",111.73,FALSE,114.99,"131073893"
256,1446364244,"excellent",TRUE,TRUE,"",84.47,"Maragaret.Pardee@duke.edu",64.47,FALSE,68.7,"131095978"
257,1446319646,"excellent",TRUE,TRUE,"",53.17,"Caroll.Bankston@duke.edu",33.17,FALSE,36.75,"131096869"
258,1446399016,"excellent",TRUE,TRUE,"",63.38,"Janean.Caverly@duke.edu",43.38,FALSE,43.75,"131108956"
259,1446278006,"excellent",TRUE,TRUE,"",139.44,"Vanessa.Meininger@duke.edu",119.44,FALSE,122.82,"131112023"
260,1446562974,"excellent",TRUE,TRUE,"",69.73,"Gwyneth.Doles@duke.edu",49.73,FALSE,50.16,"131118927"
261,1446462968,"excellent",TRUE,TRUE,"",77.29,"Marion.Simek@duke.edu",57.29,FALSE,58.51,"131131273"
262,1446411476,"excellent",TRUE,TRUE,"",138.63,"Felicia.Miley@duke.edu",118.63,FALSE,121.79,"131137646"
263,1446295485,"excellent",TRUE,TRUE,"",126.29,"Doug.Atwater@duke.edu",106.29,FALSE,108.44,"131146246"
264,1446393915,"excellent",TRUE,TRUE,"",80.84,"Maida.Laursen@duke.edu",60.84,FALSE,63.82,"131148656"
265,1446385523,"excellent",TRUE,TRUE,"",145.64,"Nadine.Holtzen@duke.edu",125.64,FALSE,129.54,"131150863"
266,1446428622,"excellent",TRUE,TRUE,"",60.91,"Vennie.Barnwell@duke.edu",40.91,FALSE,45.67,"131176862"
267,1446259851,"excellent",TRUE,TRUE,"",57.12,"Ramonita.Lyke@duke.edu",37.12,FALSE,40.31,"131181114"
268,1446319761,"excellent",TRUE,TRUE,"",141.72,"Rhea.Beech@duke.edu",121.72,FALSE,126.53,"131190768"
269,1446306681,"excellent",TRUE,TRUE,"",136.33,"Leana.Gassett@duke.edu",116.33,FALSE,118.14,"131190873"
270,1446412680,"excellent",TRUE,TRUE,"",97.56,"Xavier.Stiner@duke.edu",77.56,FALSE,80.77,"131216333"
271,1446209415,"excellent",TRUE,TRUE,"",167.21,"Ruben.Liedtke@duke.edu",147.21,FALSE,148.63,"131402080"
272,1446549327,"excellent",TRUE,TRUE,"",121.14,"Aida.Silverberg@duke.edu",101.14,FALSE,105.32,"131404121"
273,1446352847,"excellent",TRUE,TRUE,"",44.14,"Rachal.Doty@duke.edu",24.14,FALSE,24.85,"131409417"
274,1446403589,"excellent",TRUE,TRUE,"",156.19,"Cristie.Bello@duke.edu",136.19,FALSE,140.74,"131409700"
275,1446498588,"excellent",TRUE,TRUE,"",129.26,"Ozell.Gillison@duke.edu",109.26,FALSE,110.64,"131424629"
276,1446444102,"excellent",TRUE,TRUE,"",61.54,"Velia.Ketron@duke.edu",41.54,FALSE,42.18,"131424718"
277,1446301178,"excellent",TRUE,TRUE,"",120.29,"Gerard.Claeys@duke.edu",100.29,FALSE,103.47,"131427067"
278,1446382625,"excellent",TRUE,TRUE,"",77.54,"Leisha.Tullis@duke.edu",57.54,FALSE,59.8,"131430211"
279,1446430304,"excellent",TRUE,TRUE,"",144.51,"Jodee.Pichette@duke.edu",124.51,FALSE,129.39,"131432613"
280,1446288162,"excellent",TRUE,TRUE,"",117.45,"Tu.Pastor@duke.edu",97.45,FALSE,101.9,"131432753"
281,1446336313,"excellent",TRUE,TRUE,"",135.78,"Amada.Persaud@duke.edu",115.78,FALSE,118.38,"131433512"
282,1446514737,"excellent",TRUE,TRUE,"",163.42,"Emil.Jeffries@duke.edu",143.42,FALSE,145.36,"131433725"
283,1446328532,"excellent",TRUE,TRUE,"",60.9,"Marylyn.Petrovich@duke.edu",40.9,FALSE,44.09,"131435825"
284,1446361815,"excellent",TRUE,TRUE,"",99.68,"Valentine.Mckern@duke.edu",79.68,FALSE,84.41,"131437453"
285,1446376555,"excellent",TRUE,TRUE,"",108.66,"Martina.Moodie@duke.edu",88.66,FALSE,89.16,"131439944"
286,1446306023,"excellent",TRUE,TRUE,"",91.22,"Jerry.Latz@duke.edu",71.22,FALSE,75.3,"131440977"
287,1446409800,"excellent",TRUE,TRUE,"",121,"Landon.Getman@duke.edu",101,FALSE,102.72,"131442007"
288,1446364823,"excellent",TRUE,TRUE,"",48.11,"Lezlie.Larocque@duke.edu",28.11,FALSE,29.01,"131442341"
289,1446343085,"excellent",TRUE,TRUE,"",62.13,"Vennie.Rutland@duke.edu",42.13,FALSE,44.98,"131443291"
290,1446289993,"excellent",TRUE,TRUE,"",153.76,"Winston.Abbott@duke.edu",133.76,FALSE,137.8,"131444476"
291,1446339555,"excellent",TRUE,TRUE,"",63.58,"Dannielle.Eacret@duke.edu",43.58,FALSE,48.32,"131445650"
292,1446360266,"excellent",TRUE,TRUE,"",154.11,"Barbra.Stiles@duke.edu",134.11,FALSE,136.02,"131445715"
293,1446395328,"excellent",TRUE,TRUE,"",100.99,"Cira.Harpe@duke.edu",80.99,FALSE,84.95,"131446797"
294,1446486357,"excellent",TRUE,TRUE,"",147.4,"Sheree.La@duke.edu",127.4,FALSE,128.62,"131447165"
295,1446493080,"excellent",TRUE,TRUE,"",162.04,"Elton.Polo@duke.edu",142.04,FALSE,144.23,"131449680"
296,1446515550,"excellent",TRUE,TRUE,"",47.44,"Harriette.Swafford@duke.edu",27.44,FALSE,31.44,"131450654"
297,1446384005,"excellent",TRUE,TRUE,"",98.91,"Jermaine.Penhollow@duke.edu",78.91,FALSE,79.81,"131450913"
298,1446406348,"excellent",TRUE,TRUE,"",154.6,"Florida.Pintor@duke.edu",134.6,FALSE,137.11,"131453068"
299,1446493396,"excellent",TRUE,TRUE,"",62.24,"Cara.Baham@duke.edu",42.24,FALSE,47.07,"131453343"
300,1446332678,"excellent",TRUE,TRUE,"",153.04,"Nettie.Arata@duke.edu",133.04,FALSE,134.97,"013145353X"
301,1446179319,"excellent",TRUE,TRUE,"",136.78,"Serita.Robnett@duke.edu",116.78,FALSE,118.47,"131454242"
302,1446408025,"excellent",TRUE,TRUE,"",75.08,"Guillermina.Guthridge@duke.edu",55.08,FALSE,55.43,"131454439"
303,1446385836,"excellent",TRUE,TRUE,"",41.92,"Cleveland.Holiday@duke.edu",21.92,FALSE,26.67,"131454617"
304,1446437243,"excellent",TRUE,TRUE,"",118.68,"Walker.Ekberg@duke.edu",98.68,FALSE,100.89,"131454870"
305,1446407330,"excellent",TRUE,TRUE,"",71.09,"Shonda.Bohannon@duke.edu",51.09,FALSE,54.58,"131457330"
306,1446368478,"excellent",TRUE,TRUE,"",169.26,"Azalee.Coaxum@duke.edu",149.26,FALSE,151.58,"131457578"
307,1446577711,"excellent",TRUE,TRUE,"",134.88,"Dalton.Ruoff@duke.edu",114.88,FALSE,119.43,"131463241"
308,1446331773,"excellent",TRUE,TRUE,"",95.44,"Palmira.Kircher@duke.edu",75.44,FALSE,77.03,"131464132"
309,1446417008,"excellent",TRUE,TRUE,"",118.03,"Jack.Valencia@duke.edu",98.03,FALSE,99.85,"131465600"
310,1446365438,"excellent",TRUE,TRUE,"",55.32,"Jodie.Pedroza@duke.edu",35.32,FALSE,39.95,"131465929"
311,1446350450,"excellent",TRUE,TRUE,"",84.51,"Mae.Kerby@duke.edu",64.51,FALSE,68.8,"131469185"
312,1446366363,"excellent",TRUE,TRUE,"",103.79,"Ilse.Jacinto@duke.edu",83.79,FALSE,85.21,"131469193"
313,1446284166,"excellent",TRUE,TRUE,"",59.52,"Marisela.Oxford@duke.edu",39.52,FALSE,39.68,"131469568"
314,1446348550,"excellent",TRUE,TRUE,"",95.22,"Hyo.Goldblatt@duke.edu",75.22,FALSE,77.77,"131469843"
315,1446278716,"excellent",TRUE,TRUE,"",47.69,"Meg.Deines@duke.edu",27.69,FALSE,28.53,"131470469"
316,1446543541,"excellent",TRUE,TRUE,"",105.19,"Issac.Simek@duke.edu",85.19,FALSE,87.68,"131470892"
317,1446370738,"excellent",TRUE,TRUE,"",88.99,"Santana.Petterson@duke.edu",68.99,FALSE,73.7,"131471988"
318,1446313234,"excellent",TRUE,TRUE,"",88.8,"Natalia.Bartlett@duke.edu",68.8,FALSE,69.97,"131475916"
319,1446188514,"excellent",TRUE,TRUE,"",101.58,"Ericka.Chatmon@duke.edu",81.58,FALSE,83.78,"131477323"
320,1446581483,"excellent",TRUE,TRUE,"",155.44,"Shanna.Haley@duke.edu",135.44,FALSE,138.9,"131478451"
321,1446461935,"excellent",TRUE,TRUE,"",113.89,"Miguelina.Recker@duke.edu",93.89,FALSE,96.84,"131479547"
322,1446324293,"excellent",TRUE,TRUE,"",145.69,"Marina.Amore@duke.edu",125.69,FALSE,128.7,"131479725"
323,1446448880,"excellent",TRUE,TRUE,"For COMPSCI571",80.84,"Sharri.Berryhill@duke.edu",60.84,FALSE,62.49,"131481908"
324,1446232443,"excellent",TRUE,TRUE,"",52.18,"Angella.Navarrete@duke.edu",32.18,FALSE,32.96,"131483161"
325,1446513567,"excellent",TRUE,TRUE,"",49.06,"Douglas.Mann@duke.edu",29.06,FALSE,30.4,"131483986"
326,1446359081,"excellent",TRUE,TRUE,"",51.38,"Catharine.Moreno@duke.edu",31.38,FALSE,36.04,"131485199"
327,1446389281,"excellent",TRUE,TRUE,"",95.27,"Rodolfo.Dove@duke.edu",75.27,FALSE,75.43,"131485210"
328,1446472455,"excellent",TRUE,TRUE,"",134.38,"Ellan.Dorado@duke.edu",114.38,FALSE,118.05,"131486497"
329,1446401660,"excellent",TRUE,TRUE,"",82.58,"Tyisha.Schulenberg@duke.edu",62.58,FALSE,65.42,"131487361"
330,1446520529,"excellent",TRUE,TRUE,"",155.71,"Deana.Radigan@duke.edu",135.71,FALSE,138.73,"131489658"
331,1446521302,"excellent",TRUE,TRUE,"",113.96,"Dominick.Laplante@duke.edu",93.96,FALSE,96.48,"131491784"
332,1446283306,"excellent",TRUE,TRUE,"",136.23,"Lorette.Bleich@duke.edu",116.23,FALSE,119.53,"131494597"
333,1446345679,"excellent",TRUE,TRUE,"",44.95,"Felicia.Devos@duke.edu",24.95,FALSE,25.78,"131494708"
334,1446329800,"excellent",TRUE,TRUE,"",114.29,"Winifred.Zuckerman@duke.edu",94.29,FALSE,98.71,"131494848"
335,1446227125,"excellent",TRUE,TRUE,"",60.95,"Hue.Dahms@duke.edu",40.95,FALSE,44.77,"131495380"
336,1446340721,"excellent",TRUE,TRUE,"",121.74,"Juan.Milici@duke.edu",101.74,FALSE,106.17,"131495798"
337,1446376906,"excellent",TRUE,TRUE,"",133.16,"Libbie.Waldron@duke.edu",113.16,FALSE,115.9,"013149726X"
338,1446292475,"excellent",TRUE,TRUE,"",50.84,"Michele.Maharaj@duke.edu",30.84,FALSE,31.84,"131497456"
339,1446384255,"excellent",TRUE,TRUE,"",159.36,"Neomi.Torgrimson@duke.edu",139.36,FALSE,140.11,"131497499"
340,1446340271,"excellent",TRUE,TRUE,"",78.55,"Walker.Manalo@duke.edu",58.55,FALSE,62.08,"131497510"
341,1446303102,"excellent",TRUE,TRUE,"",108.97,"Kathryn.Hamernik@duke.edu",88.97,FALSE,92.98,"131497553"
342,1446279060,"excellent",TRUE,TRUE,"",51.47,"Magnolia.Cheney@duke.edu",31.47,FALSE,36.31,"131499084"
343,1446509936,"excellent",TRUE,TRUE,"",128.56,"Roxane.Pleasant@duke.edu",108.56,FALSE,109.98,"131499300"
344,1446467376,"excellent",TRUE,TRUE,"",42.2,"Marcell.Romeo@duke.edu",22.2,FALSE,22.99,"131499459"
345,1446379988,"excellent",TRUE,TRUE,"",46.38,"Lessie.Hagaman@duke.edu",26.38,FALSE,26.81,"131534351"
346,1446490874,"excellent",TRUE,TRUE,"",99.52,"Stephanie.Pizano@duke.edu",79.52,FALSE,82.54,"131538411"
347,1446372838,"excellent",TRUE,TRUE,"",56.18,"Macy.Clow@duke.edu",36.18,FALSE,37.85,"131542745"
348,1446377588,"excellent",TRUE,TRUE,"",85.5,"Dulce.Stlawrence@duke.edu",65.5,FALSE,66.45,"131547143"
349,1446246893,"excellent",TRUE,TRUE,"",96.51,"Ashleigh.Deering@duke.edu",76.51,FALSE,80.52,"131548654"
350,1446330008,"excellent",TRUE,TRUE,"",129.17,"Antoine.Kimbro@duke.edu",109.17,FALSE,113.74,"013155445X"
351,1446553347,"excellent",TRUE,TRUE,"",148.64,"Diedre.Lefever@duke.edu",128.64,FALSE,130,"131602586"
352,1446423817,"excellent",TRUE,TRUE,"",156.17,"Rosanna.Dagostino@duke.edu",136.17,FALSE,138.83,"131672673"
353,1446278551,"excellent",TRUE,TRUE,"",68.15,"Alona.Ardito@duke.edu",48.15,FALSE,49.06,"131676865"
354,1446388167,"excellent",TRUE,TRUE,"",102.38,"Karey.Sewell@duke.edu",82.38,FALSE,84.93,"131678310"
355,1446403582,"excellent",TRUE,TRUE,"",131.63,"Georgette.James@duke.edu",111.63,FALSE,113.84,"131679813"
356,1446399123,"excellent",TRUE,TRUE,"",145.18,"Waneta.Beall@duke.edu",125.18,FALSE,125.52,"131697390"
357,1446389607,"excellent",TRUE,TRUE,"",78.47,"Phylis.Shanahan@duke.edu",58.47,FALSE,62.98,"013169944X"
358,1446344917,"excellent",TRUE,TRUE,"",102.24,"Camille.Bodin@duke.edu",82.24,FALSE,83.12,"131699571"
359,1446267342,"excellent",TRUE,TRUE,"",80.1,"Ettie.Sommer@duke.edu",60.1,FALSE,63.99,"131708694"
360,1446265526,"Fair",TRUE,TRUE,"",137.88,"Liberty.Wasser@duke.edu",117.88,FALSE,122.24,"131730428"
361,1446549986,"Fair",TRUE,TRUE,"",100.39,"Nikki.Jumper@duke.edu",80.39,FALSE,81.88,"131733494"
362,1446289962,"Fair",TRUE,TRUE,"",68.34,"Christinia.Nordstrom@duke.edu",48.34,FALSE,51.75,"131786865"
363,1446519418,"Fair",TRUE,TRUE,"",47.03,"Kenia.Traynor@duke.edu",27.03,FALSE,29.75,"131816292"
364,1446497586,"Fair",TRUE,TRUE,"",77.87,"Sanora.Bulter@duke.edu",57.87,FALSE,59.59,"131837362"
365,1446338080,"Fair",TRUE,TRUE,"",109.99,"Nelida.Guarino@duke.edu",89.99,FALSE,90.5,"013184069X"
366,1446312623,"Fair",TRUE,TRUE,"",140.03,"Sari.Trafton@duke.edu",120.03,FALSE,122.28,"131851225"
367,1446265519,"Fair",TRUE,TRUE,"",79.17,"Kristyn.Huffine@duke.edu",59.17,FALSE,63.19,"131854615"
368,1446343000,"Fair",TRUE,TRUE,"",87.22,"Gianna.Furlow@duke.edu",67.22,FALSE,70.16,"131854712"
369,1446359505,"Fair",TRUE,TRUE,"",142.1,"Jasmin.Adkisson@duke.edu",122.1,FALSE,124.19,"131856057"
370,1446369568,"Fair",TRUE,TRUE,"",146.78,"Amada.Edenfield@duke.edu",126.78,FALSE,127.45,"131856405"
371,1446335589,"Fair",TRUE,TRUE,"",40.85,"Dylan.Classen@duke.edu",20.85,FALSE,25.47,"131856626"
372,1446410577,"Fair",TRUE,TRUE,"",79.43,"Julietta.Shaughnessy@duke.edu",59.43,FALSE,63.46,"131857029"
373,1446362528,"Fair",TRUE,TRUE,"",144.23,"Giselle.Amorim@duke.edu",124.23,FALSE,127.78,"013185755X"
374,1446256076,"Fair",TRUE,TRUE,"",42.44,"Sage.Lorenzana@duke.edu",22.44,FALSE,24.3,"131857576"
375,1446442165,"Fair",TRUE,TRUE,"",103.63,"Ailene.Grice@duke.edu",83.63,FALSE,84.6,"131857851"
376,1446314162,"Fair",TRUE,TRUE,"",110.94,"Nathanael.Richarson@duke.edu",90.94,FALSE,92.59,"131860151"
377,1446386746,"Fair",TRUE,TRUE,"",94.59,"Laticia.Wilker@duke.edu",74.59,FALSE,74.9,"131860267"
378,1446424666,"Fair",TRUE,TRUE,"",99.53,"Roseanne.Rocca@duke.edu",79.53,FALSE,80.59,"131862391"
379,1446251128,"Fair",TRUE,TRUE,"",52.77,"Lakesha.Axel@duke.edu",32.77,FALSE,36.77,"131866222"
380,1446318650,"Fair",TRUE,TRUE,"",53.15,"Gerry.Pappan@duke.edu",33.15,FALSE,34.12,"131867121"
381,1446267300,"Fair",TRUE,TRUE,"",68.08,"Howard.Forshee@duke.edu",48.08,FALSE,51.84,"131867938"
382,1446483605,"Fair",TRUE,TRUE,"",78.17,"Irving.Canales@duke.edu",58.17,FALSE,58.66,"131868772"
383,1446328648,"Fair",TRUE,TRUE,"",114.44,"Chae.Deshong@duke.edu",94.44,FALSE,98.43,"131869426"
384,1446366096,"Fair",TRUE,TRUE,"",58.48,"Sophia.Corprew@duke.edu",38.48,FALSE,38.92,"131870165"
385,1446453644,"Fair",TRUE,TRUE,"",139.21,"Iesha.Book@duke.edu",119.21,FALSE,119.55,"131870769"
386,1446367853,"Fair",TRUE,TRUE,"",150.89,"Glayds.Steger@duke.edu",130.89,FALSE,134.39,"131873644"
387,1446266033,"Fair",TRUE,TRUE,"",168.6,"Delorse.Kroh@duke.edu",148.6,FALSE,152.65,"131873741"
388,1446421996,"Fair",TRUE,TRUE,"",141.62,"Fae.Gladwin@duke.edu",121.62,FALSE,122.41,"131878824"
389,1446528691,"Fair",TRUE,TRUE,"",139.56,"Renata.Hermes@duke.edu",119.56,FALSE,124.49,"131888099"
390,1446386344,"Fair",TRUE,TRUE,"",124.55,"Robena.Hiett@duke.edu",104.55,FALSE,107.54,"131891022"
391,1446298768,"Fair",TRUE,TRUE,"",169.14,"Sharita.Straughan@duke.edu",149.14,FALSE,153.21,"131892622"
392,1446518471,"Fair",TRUE,TRUE,"",168.92,"Jodee.Mangino@duke.edu",148.92,FALSE,149.53,"013191345X"
393,1446456084,"Fair",TRUE,TRUE,"",67.04,"Hortensia.Prichett@duke.edu",47.04,FALSE,49.24,"131918222"
394,1446400722,"Fair",TRUE,TRUE,"",44.96,"Tressa.Ursery@duke.edu",24.96,FALSE,27.8,"131918338"
395,1446284801,"Fair",TRUE,TRUE,"",130.77,"Tianna.Kinnaird@duke.edu",110.77,FALSE,111.68,"131919636"
396,1446474943,"Fair",TRUE,TRUE,"",74.44,"Maximina.Pauli@duke.edu",54.44,FALSE,55.46,"131922440"
397,1446312258,"Fair",TRUE,TRUE,"",44.95,"Dollie.Wetmore@duke.edu",24.95,FALSE,25.24,"131925385"
398,1446478466,"Fair",TRUE,TRUE,"",41.4,"Valentina.Mcdermott@duke.edu",21.4,FALSE,21.82,"131930079"
399,1446245168,"Fair",TRUE,TRUE,"",154.79,"Anissa.Durrell@duke.edu",134.79,FALSE,137.59,"131930818"
400,1446356432,"Fair",TRUE,TRUE,"",93.43,"Youlanda.Vachon@duke.edu",73.43,FALSE,74.14,"131931989"
401,1446351039,"Fair",TRUE,TRUE,"",153.62,"Eddy.Pizano@duke.edu",133.62,FALSE,136.41,"131931997"
402,1446308905,"Fair",TRUE,TRUE,"",147.82,"Shameka.Breedlove@duke.edu",127.82,FALSE,129.53,"131933159"
403,1446311691,"Fair",TRUE,TRUE,"",132.41,"Shay.Soldner@duke.edu",112.41,FALSE,115.37,"131950851"
404,1446446603,"Fair",TRUE,TRUE,"",128.3,"Frederick.Irick@duke.edu",108.3,FALSE,109.41,"131963163"
405,1446265496,"Fair",TRUE,TRUE,"",126.04,"Libbie.Budd@duke.edu",106.04,FALSE,106.28,"132184745"
406,1446404197,"Fair",TRUE,TRUE,"",41.86,"Lorena.Hoy@duke.edu",21.86,FALSE,22.22,"132186942"
407,1446300126,"Fair",TRUE,TRUE,"",76.51,"Lashon.Schoepp@duke.edu",56.51,FALSE,61.47,"132187469"
408,1446197898,"Fair",TRUE,TRUE,"",153.45,"Joleen.Reinbold@duke.edu",133.45,FALSE,136.39,"132192268"
409,1446465896,"Fair",TRUE,TRUE,"",120.6,"Malcom.Santerre@duke.edu",100.6,FALSE,104.36,"132203847"
410,1446412502,"Fair",TRUE,TRUE,"",97.07,"Effie.Berryhill@duke.edu",77.07,FALSE,78.29,"132277816"
411,1446434894,"Fair",TRUE,TRUE,"",128.73,"Jovan.Shawn@duke.edu",108.73,FALSE,109.66,"132431564"
412,1446391996,"Fair",TRUE,TRUE,"",71.1,"Katherina.Dock@duke.edu",51.1,FALSE,54.1,"133214311"
413,1446203638,"Fair",TRUE,TRUE,"",138.39,"Louis.Luttrell@duke.edu",118.39,FALSE,120.53,"135265266"
414,1446476932,"Fair",TRUE,TRUE,"",121.9,"Ophelia.Fackler@duke.edu",101.9,FALSE,106.32,"135763800"
415,1446337551,"Fair",TRUE,TRUE,"",75.18,"Krystin.Tuller@duke.edu",55.18,FALSE,57.14,"013651068X"
416,1446432282,"Fair",TRUE,TRUE,"",115.72,"Jalisa.Guerrero@duke.edu",95.72,FALSE,96.87,"013726142X"
417,1446413273,"Fair",TRUE,TRUE,"",155.33,"Diann.Peer@duke.edu",135.33,FALSE,136.88,"137549202"
418,1446562169,"Fair",TRUE,TRUE,"",65.13,"Tamiko.Eggert@duke.edu",45.13,FALSE,45.91,"137903952"
419,1446265040,"Fair",TRUE,TRUE,"",62.86,"Kanesha.Duell@duke.edu",42.86,FALSE,43.8,"013805326X"
420,1446289829,"Fair",TRUE,TRUE,"",78.61,"Kum.Berke@duke.edu",58.61,FALSE,61.29,"138147574"
421,1446518374,"Fair",TRUE,TRUE,"",165.52,"Ethyl.Dirks@duke.edu",145.52,FALSE,148.17,"139078746"
422,1446280613,"Fair",TRUE,TRUE,"",71.52,"Olevia.Hiney@duke.edu",51.52,FALSE,53.61,"195073401"
423,1446561107,"Fair",TRUE,TRUE,"",136.12,"Mireya.Angel@duke.edu",116.12,FALSE,116.33,"195108094"
424,1446386677,"Fair",TRUE,TRUE,"",110.09,"Ramona.Maffei@duke.edu",90.09,FALSE,94.02,"195110099"
425,1446374647,"Fair",TRUE,TRUE,"",112.4,"Contessa.Colangelo@duke.edu",92.4,FALSE,94.06,"195116445"
426,1446292182,"Fair",TRUE,TRUE,"",158.2,"Hilde.Zamarripa@duke.edu",138.2,FALSE,140.87,"195136055"
427,1446350507,"Fair",TRUE,TRUE,"",74.3,"Luvenia.Digman@duke.edu",54.3,FALSE,57.58,"195142519"
428,1446290212,"Fair",TRUE,TRUE,"",52.04,"Deb.Leatherwood@duke.edu",32.04,FALSE,32.53,"195158334"
429,1446312948,"Fair",TRUE,TRUE,"",78.05,"Winona.Owusu@duke.edu",58.05,FALSE,60.58,"201128195"
430,1446451623,"Fair",TRUE,TRUE,"",126.67,"Janiece.Viera@duke.edu",106.67,FALSE,108.33,"201146592"
431,1446460786,"Fair",TRUE,TRUE,"",99.06,"Hermine.Mcgilvery@duke.edu",79.06,FALSE,79.74,"201180758"
432,1446423909,"Fair",TRUE,TRUE,"",133.25,"Milton.Shears@duke.edu",113.25,FALSE,114.53,"201543931"
433,1446521591,"Fair",TRUE,TRUE,"",89.07,"Rikki.Lawerence@duke.edu",69.07,FALSE,71.36,"201763907"
434,1446415843,"Fair",TRUE,TRUE,"",53.94,"Shanelle.Dunson@duke.edu",33.94,FALSE,38.7,"201770253"
435,1446300583,"Fair",TRUE,TRUE,"",160.15,"Ricky.Bartos@duke.edu",140.15,FALSE,143.57,"201771314"
436,1446458183,"Fair",TRUE,TRUE,"",50.38,"Minda.Banister@duke.edu",30.38,FALSE,32.32,"205376061"
437,1446241948,"Fair",TRUE,TRUE,"",94.28,"Oliver.Gebo@duke.edu",74.28,FALSE,74.78,"205426514"
438,1446533153,"Fair",TRUE,TRUE,"",137.12,"Garfield.Crossett@duke.edu",117.12,FALSE,121.92,"205439675"
439,1446507529,"Fair",TRUE,TRUE,"",147.57,"Filomena.Younger@duke.edu",127.57,FALSE,128.71,"020544444X"
440,1446462587,"Fair",TRUE,TRUE,"",150.02,"Ivette.Gorden@duke.edu",130.02,FALSE,131.31,"205449131"
441,1446444575,"Fair",TRUE,TRUE,"",89.46,"Claretta.Orona@duke.edu",69.46,FALSE,69.69,"205449441"
442,1446466379,"Fair",TRUE,TRUE,"",115.93,"Michaele.Mineo@duke.edu",95.93,FALSE,99.68,"205457959"
443,1446334515,"Fair",TRUE,TRUE,"",119.81,"Jeneva.Vanderpool@duke.edu",99.81,FALSE,104.14,"205459382"
444,1446426837,"Fair",TRUE,TRUE,"",161.33,"Gertrude.Michie@duke.edu",141.33,FALSE,145.68,"205473059"
445,1446242300,"Fair",TRUE,TRUE,"",77.74,"Antonetta.Mccain@duke.edu",57.74,FALSE,61.86,"205477534"
446,1446479277,"Fair",TRUE,TRUE,"",124.1,"Angelica.Coney@duke.edu",104.1,FALSE,105.07,"205478093"
447,1446366074,"Fair",TRUE,TRUE,"",113.17,"Tam.Lawler@duke.edu",93.17,FALSE,96.16,"205483925"
448,1446429188,"Fair",TRUE,TRUE,"",111.74,"Cristen.Faulcon@duke.edu",91.74,FALSE,96.65,"256136874"
449,1446265863,"Fair",TRUE,TRUE,"",86.82,"Chloe.Jeanpierre@duke.edu",66.82,FALSE,71.25,"256247951"
450,1446417372,"Fair",TRUE,TRUE,"",46.18,"Ebonie.Tuohy@duke.edu",26.18,FALSE,30.7,"262032937"
451,1446208413,"Fair",TRUE,TRUE,"",142.78,"Lawrence.Scarborough@duke.edu",122.78,FALSE,124.57,"312406843"
452,1446443129,"Fair",TRUE,TRUE,"",143.54,"Naomi.Dyke@duke.edu",123.54,FALSE,125.45,"312406851"
453,1446411456,"Fair",TRUE,TRUE,"",95.97,"Allyson.Sgro@duke.edu",75.97,FALSE,79.22,"312407246"
454,1446443696,"Fair",TRUE,TRUE,"",108.09,"Meredith.Vanguilder@duke.edu",88.09,FALSE,91.11,"312412622"
455,1446386446,"Fair",TRUE,TRUE,"",133.57,"Shelby.Domino@duke.edu",113.57,FALSE,117.34,"312419333"
456,1446368740,"Fair",TRUE,TRUE,"",83.85,"Reatha.Byrom@duke.edu",63.85,FALSE,66.23,"312434456"
457,1446292135,"Fair",TRUE,TRUE,"",41.87,"Tomi.Neeld@duke.edu",21.87,FALSE,25.36,"321149017"
458,1446416254,"Fair",TRUE,TRUE,"",161.11,"Virginia.Lizaola@duke.edu",141.11,FALSE,143.24,"321159349"
459,1446443224,"Fair",TRUE,TRUE,"",124.67,"Cortez.Barfoot@duke.edu",104.67,FALSE,105.43,"321162080"
460,1446339646,"Fair",TRUE,TRUE,"",133.19,"Jacelyn.Gautier@duke.edu",113.19,FALSE,115.24,"321166396"
461,1446352500,"Fair",TRUE,TRUE,"",42.21,"Bill.Dortch@duke.edu",22.21,FALSE,24.42,"321185587"
462,1446430563,"Fair",TRUE,TRUE,"",60.72,"Homer.Gano@duke.edu",40.72,FALSE,42.83,"032119800X"
463,1446480255,"Fair",TRUE,TRUE,"",138.89,"Stephanie.Lauro@duke.edu",118.89,FALSE,123.7,"321227352"
464,1446446790,"Fair",TRUE,TRUE,"",111.81,"Denyse.Rochell@duke.edu",91.81,FALSE,95.41,"321227573"
465,1446387581,"Fair",TRUE,TRUE,"",131.3,"Margie.Gandy@duke.edu",111.3,FALSE,115.57,"321228170"
466,1446414793,"Fair",TRUE,TRUE,"",78.38,"Mimi.Maynard@duke.edu",58.38,FALSE,59.48,"321236858"
467,1446548818,"Fair",TRUE,TRUE,"",115.63,"Benedict.Luong@duke.edu",95.63,FALSE,100.33,"321236874"
468,1446468445,"Fair",TRUE,TRUE,"",98.29,"Lee.Branstetter@duke.edu",78.29,FALSE,80.04,"321267613"
469,1446435844,"Fair",TRUE,TRUE,"",50.19,"Lakendra.Featherston@duke.edu",30.19,FALSE,31.78,"321270762"
470,1446329171,"Fair",TRUE,TRUE,"",156.72,"Bernardina.Wasko@duke.edu",136.72,FALSE,138.07,"321278801"
471,1446435348,"Fair",TRUE,TRUE,"",159.78,"Suk.Mcclaine@duke.edu",139.78,FALSE,140.73,"321278844"
472,1446302988,"Fair",TRUE,TRUE,"",131.51,"Joaquin.Rother@duke.edu",111.51,FALSE,112.97,"321280296"
473,1446564445,"Fair",TRUE,TRUE,"",131.91,"Mayra.Mullenax@duke.edu",111.91,FALSE,115.81,"032128030X"
474,1446269487,"Fair",TRUE,TRUE,"",122.74,"Elaine.Valenza@duke.edu",102.74,FALSE,107.32,"321287134"
475,1446478468,"Fair",TRUE,TRUE,"",134.94,"Carlyn.Lesko@duke.edu",114.94,FALSE,116.68,"321293835"
476,1446463599,"Fair",TRUE,TRUE,"",168.03,"Janeth.Rufener@duke.edu",148.03,FALSE,151.89,"321295358"
477,1446437216,"Fair",TRUE,TRUE,"",64.97,"Carma.Mccarroll@duke.edu",44.97,FALSE,46.88,"321305035"
478,1446450912,"Fair",TRUE,TRUE,"",89.59,"Blake.Fenner@duke.edu",69.59,FALSE,69.99,"321305043"
479,1446500256,"Fair",TRUE,TRUE,"",111.72,"Edmund.Mounce@duke.edu",91.72,FALSE,92.92,"321322134"
480,1446441735,"Fair",TRUE,TRUE,"",81.07,"Valeria.Ledoux@duke.edu",61.07,FALSE,61.36,"321330234"
481,1446369956,"Fair",TRUE,TRUE,"",65.23,"Felicidad.Riedel@duke.edu",45.23,FALSE,48.81,"321330250"
482,1446329624,"Fair",TRUE,TRUE,"",65.98,"Bette.Deherrera@duke.edu",45.98,FALSE,46.25,"321357965"
483,1446466097,"Fair",TRUE,TRUE,"",159.66,"Arlette.Jacoby@duke.edu",139.66,FALSE,144.05,"321369572"
484,1446427399,"Fair",TRUE,TRUE,"",75.36,"Ines.Cormier@duke.edu",55.36,FALSE,58.19,"321389514"
485,1446429814,"Fair",TRUE,TRUE,"",49.54,"Margart.Haydon@duke.edu",29.54,FALSE,34.25,"321409493"
486,1446269870,"Fair",TRUE,TRUE,"",105.85,"Louisa.Emrick@duke.edu",85.85,FALSE,86.86,"323018874"
487,1446392736,"Fair",TRUE,TRUE,"",156.45,"Markita.Falgoust@duke.edu",136.45,FALSE,137.2,"323024491"
488,1446475570,"Fair",TRUE,TRUE,"",99.62,"Meagan.Hathaway@duke.edu",79.62,FALSE,80.25,"323025862"
489,1446333528,"Fair",TRUE,TRUE,"",106.83,"Adela.Schartz@duke.edu",86.83,FALSE,88.35,"323025935"
490,1446528223,"Fair",TRUE,TRUE,"",101.75,"Eliana.Cordeiro@duke.edu",81.75,FALSE,83.66,"324007515"
491,1446471154,"Fair",TRUE,TRUE,"",165.32,"Carlie.Bland@duke.edu",145.32,FALSE,147.22,"324066856"
492,1446481790,"Fair",TRUE,TRUE,"",130.49,"Cinthia.Lindahl@duke.edu",110.49,FALSE,111.14,"324171889"
493,1446328009,"Fair",TRUE,TRUE,"",160.41,"Kasi.Sulton@duke.edu",140.41,FALSE,143.39,"324174616"
494,1446473957,"Fair",TRUE,TRUE,"",61.69,"Annika.Mayberry@duke.edu",41.69,FALSE,44.55,"324188005"
495,1446357454,"Fair",TRUE,TRUE,"",136.85,"Julieta.Wesson@duke.edu",116.85,FALSE,121.56,"324200145"
496,1446408525,"Fair",TRUE,TRUE,"",144.55,"Helaine.Cleaves@duke.edu",124.55,FALSE,125.94,"324201605"
497,1446362010,"Fair",TRUE,TRUE,"",115.73,"David.Pippins@duke.edu",95.73,FALSE,97.24,"324202237"
498,1446462974,"Fair",TRUE,TRUE,"",122.29,"Rubin.Miltenberger@duke.edu",102.29,FALSE,106.03,"032420485X"
499,1446323564,"Fair",TRUE,TRUE,"",106.83,"Violeta.Cerulli@duke.edu",86.83,FALSE,90.85,"324204884"
500,1446311638,"Fair",TRUE,TRUE,"",148.01,"Lupe.Flansburg@duke.edu",128.01,FALSE,131.83,"324205643"
501,1446463918,"Fair",TRUE,TRUE,"",91.06,"Rubin.Miltenberger@duke.edu",71.06,FALSE,74.9,"324221134"
502,1446240413,"Fair",TRUE,TRUE,"",162.86,"Julieta.Wesson@duke.edu",142.86,FALSE,144.75,"032422155X"
503,1446222479,"Fair",TRUE,TRUE,"",113.93,"Kasi.Sulton@duke.edu",93.93,FALSE,97.73,"324223048"
504,1446455302,"Fair",TRUE,TRUE,"",69.48,"Cinthia.Lindahl@duke.edu",49.48,FALSE,53.09,"324223102"
505,1446368893,"Fair",TRUE,TRUE,"",48.83,"Eliana.Cordeiro@duke.edu",28.83,FALSE,30.1,"324224702"
506,1446467162,"Fair",TRUE,TRUE,"",162.59,"Migdalia.Sprvill@duke.edu",142.59,FALSE,146.4,"324225814"
507,1446209111,"Fair",TRUE,TRUE,"",115.68,"Meagan.Hathaway@duke.edu",95.68,FALSE,98.74,"324226128"
508,1446426298,"Fair",TRUE,TRUE,"",111.57,"Louisa.Emrick@duke.edu",91.57,FALSE,94.39,"324226292"
509,1446557193,"Fair",TRUE,TRUE,"",133.2,"Amie.Cheesman@duke.edu",113.2,FALSE,117.14,"324233108"
510,1446484936,"Fair",TRUE,TRUE,"",54.61,"Arlette.Jacoby@duke.edu",34.61,FALSE,36.49,"324233434"
511,1446558905,"Fair",TRUE,TRUE,"",81.13,"Felicidad.Riedel@duke.edu",61.13,FALSE,63.95,"324235011"
512,1446322568,"Fair",TRUE,TRUE,"",49.74,"Ethan.Southwood@duke.edu",29.74,FALSE,30.2,"032423662X"
513,1446202972,"Fair",TRUE,FALSE,"",NA,"Edmund.Mounce@duke.edu",89.7,FALSE,93.68,"324236700"
514,1446543027,"Fair",TRUE,FALSE,"",NA,"Blake.Fenner@duke.edu",28.67,FALSE,31.63,"324236735"
515,1446273000,"Fair",TRUE,FALSE,"",NA,"Carlyn.Lesko@duke.edu",78.34,FALSE,78.48,"324258755"
516,1446420736,"Fair",TRUE,FALSE,"",NA,"Mayra.Mullenax@duke.edu",129.09,FALSE,131.93,"324259131"
517,1446349725,"Fair",TRUE,FALSE,"",NA,"Suk.Mcclaine@duke.edu",102.58,FALSE,105.95,"324259689"
518,1446472289,"Fair",TRUE,FALSE,"",NA,"Bernardina.Wasko@duke.edu",148.04,FALSE,148.79,"324259913"
519,1446406112,"Fair",TRUE,FALSE,"",NA,"Lee.Branstetter@duke.edu",70.49,FALSE,70.62,"324260601"
520,1446415698,"Fair",TRUE,FALSE,"",NA,"Mimi.Maynard@duke.edu",28.69,FALSE,30.01,"324260768"
521,1446355608,"Fair",TRUE,FALSE,"",NA,"Denyse.Rochell@duke.edu",33.13,FALSE,37.78,"324261276"
522,1446546991,"Fair",TRUE,FALSE,"",NA,"Bill.Dortch@duke.edu",35.37,FALSE,39.17,"324270860"
523,1446411619,"Fair",TRUE,FALSE,"",NA,"Jacelyn.Gautier@duke.edu",85,FALSE,86.53,"324288417"
524,1446349005,"Fair",TRUE,FALSE,"",NA,"Virginia.Lizaola@duke.edu",35.6,FALSE,40.17,"032428845X"
525,1446334639,"Fair",TRUE,FALSE,"",NA,"Reatha.Byrom@duke.edu",55.85,FALSE,60.53,"324288522"
526,1446469703,"Fair",TRUE,FALSE,"",NA,"Allyson.Sgro@duke.edu",130.21,FALSE,132.63,"324288603"
527,1446296620,"Fair",TRUE,FALSE,"",NA,"Lawrence.Scarborough@duke.edu",123.5,FALSE,127.95,"032428893X"
528,1446475232,"Fair",TRUE,FALSE,"",NA,"Ebonie.Tuohy@duke.edu",45.88,FALSE,48.95,"324289030"
529,1446347865,"Fair",TRUE,FALSE,"",NA,"Cristen.Faulcon@duke.edu",44.81,FALSE,47.54,"324289081"
530,1446396001,"Fair",TRUE,FALSE,"",NA,"Shira.Shumake@duke.edu",146.37,FALSE,147.34,"324289235"
531,1446322972,"Fair",TRUE,FALSE,"",NA,"Evangeline.Gokey@duke.edu",103.85,FALSE,108.25,"324289278"
532,1446235984,"Fair",TRUE,FALSE,"",NA,"Angelica.Coney@duke.edu",64.9,FALSE,67.44,"324289561"
533,1446469644,"Fair",TRUE,FALSE,"",NA,"Jeneva.Vanderpool@duke.edu",82.11,FALSE,86.83,"324289588"
534,1446275304,"Fair",TRUE,FALSE,"",NA,"Claretta.Orona@duke.edu",99.49,FALSE,103.37,"324289782"
535,1446288952,"Fair",TRUE,FALSE,"",NA,"Filomena.Younger@duke.edu",84.44,FALSE,87.72,"032428991X"
536,1446343159,"Fair",TRUE,FALSE,"",NA,"Garfield.Crossett@duke.edu",109.92,FALSE,110.93,"032430160X"
537,1446182872,"Fair",TRUE,FALSE,"",NA,"Sabine.Sowa@duke.edu",126.18,FALSE,126.67,"324302592"
538,1446353907,"Fair",TRUE,FALSE,"",NA,"Ricky.Bartos@duke.edu",73.86,FALSE,74.75,"324303904"
539,1446391800,"Fair",TRUE,FALSE,"",NA,"Rikki.Lawerence@duke.edu",72.7,FALSE,73.93,"324314639"
540,1446355538,"Fair",TRUE,FALSE,"",NA,"Hermine.Mcgilvery@duke.edu",50.37,FALSE,54.16,"324316240"
541,1446416357,"Fair",TRUE,FALSE,"",NA,"Janiece.Viera@duke.edu",146.71,FALSE,147.45,"324316593"
542,1446402922,"Fair",TRUE,FALSE,"",NA,"Deb.Leatherwood@duke.edu",140.39,FALSE,141.69,"324316941"
543,1446385366,"Fair",TRUE,FALSE,"",NA,"Contessa.Colangelo@duke.edu",52.6,FALSE,55.82,"324317980"
544,1446532193,"Fair",TRUE,FALSE,"",NA,"Ramona.Maffei@duke.edu",29.37,FALSE,29.91,"324319789"
545,1446531504,"Fair",TRUE,FALSE,"",NA,"Olevia.Hiney@duke.edu",21.03,FALSE,21.24,"324319835"
546,1446406171,"Fair",TRUE,FALSE,"",NA,"Kanesha.Duell@duke.edu",149.42,FALSE,152.32,"324320892"
547,1446390512,"Fair",TRUE,FALSE,"",NA,"Tamiko.Eggert@duke.edu",95.56,FALSE,99.83,"324321430"
548,1446370607,"Fair",TRUE,FALSE,"",NA,"Jalisa.Guerrero@duke.edu",149.37,FALSE,149.91,"324323638"
549,1446323798,"Fair",TRUE,FALSE,"",NA,"Ophelia.Fackler@duke.edu",143.19,FALSE,147.18,"324376332"
550,1446333232,"Fair",TRUE,FALSE,"",NA,"Jovan.Shawn@duke.edu",52.23,FALSE,53.65,"324400829"
551,1446453874,"Fair",FALSE,TRUE,"",97.45,"Effie.Berryhill@duke.edu",NA,FALSE,100.51,"324405421"
552,1446389095,"Fair",FALSE,TRUE,"",124.11,"Joleen.Reinbold@duke.edu",NA,FALSE,128.11,"393924092"
553,1446421096,"Fair",FALSE,TRUE,"",29.11,"Libbie.Budd@duke.edu",NA,FALSE,30.18,"393924963"
554,1446428477,"Fair",FALSE,TRUE,"",54.49,"Frederick.Irick@duke.edu",NA,FALSE,58.9,"393925536"
555,1446456178,"Fair",FALSE,TRUE,"",86.87,"Eddy.Pizano@duke.edu",NA,FALSE,87.84,"393927024"
556,1446290150,"Fair",FALSE,TRUE,"",70.51,"Anissa.Durrell@duke.edu",NA,FALSE,72.65,"393970833"
557,1446300971,"Fair",FALSE,TRUE,"",31.89,"Dollie.Wetmore@duke.edu",NA,FALSE,32.65,"393975150"
558,1446534267,"Fair",FALSE,TRUE,"",88.26,"Maximina.Pauli@duke.edu",NA,FALSE,91.5,"393977765"
559,1446439282,"Fair",FALSE,TRUE,"",71.43,"Hortensia.Prichett@duke.edu",NA,FALSE,74.01,"393978796"
560,1446524862,"Fair",FALSE,TRUE,"",113.42,"Sharita.Straughan@duke.edu",NA,FALSE,116.61,"393979059"
561,1446403848,"Fair",FALSE,TRUE,"",21.92,"Renata.Hermes@duke.edu",NA,FALSE,26.51,"393979962"
562,1446494320,"Fair",FALSE,TRUE,"",94.43,"Fae.Gladwin@duke.edu",NA,FALSE,94.6,"395977274"
563,1446425554,"Fair",FALSE,TRUE,"",99.04,"Iesha.Book@duke.edu",NA,FALSE,103.46,"443100349"
564,1446454943,"Fair",FALSE,TRUE,"",118.71,"Chae.Deshong@duke.edu",NA,FALSE,122.57,"471000779"
565,1446464087,"Fair",FALSE,TRUE,"",93.62,"Howard.Forshee@duke.edu",NA,FALSE,98.6,"471120626"
566,1446381299,"Fair",FALSE,TRUE,"",110.24,"Lakesha.Axel@duke.edu",NA,FALSE,112.4,"471134767"
567,1446322347,"Fair",FALSE,TRUE,"",102.21,"Roseanne.Rocca@duke.edu",NA,FALSE,104.1,"471144487"
568,1446288075,"Fair",FALSE,TRUE,"",115.11,"Ailene.Grice@duke.edu",NA,FALSE,115.36,"471152323"
569,1446245107,"Fair",FALSE,TRUE,"",31.54,"Sage.Lorenzana@duke.edu",NA,FALSE,32.77,"471153680"
570,1446339351,"Fair",FALSE,TRUE,"",40.67,"Dylan.Classen@duke.edu",NA,FALSE,44.14,"471198269"
571,1446399235,"Fair",FALSE,TRUE,"",61.36,"Jasmin.Adkisson@duke.edu",NA,FALSE,61.76,"471202312"
572,1446470213,"Fair",FALSE,TRUE,"",113.3,"Kristyn.Huffine@duke.edu",NA,FALSE,117.99,"047123009X"
573,1446477102,"Fair",FALSE,TRUE,"",130.89,"Nelida.Guarino@duke.edu",NA,FALSE,133.05,"471232319"
574,1446320001,"Fair",FALSE,TRUE,"",115.31,"Kenia.Traynor@duke.edu",NA,FALSE,118.05,"471272140"
575,1446425620,"Fair",FALSE,TRUE,"",79.29,"Christinia.Nordstrom@duke.edu",NA,FALSE,83.4,"471274712"
576,1446567394,"Fair",FALSE,TRUE,"",116.3,"Liberty.Wasser@duke.edu",NA,FALSE,120.34,"471321680"
577,1446488467,"Fair",FALSE,TRUE,"",31.27,"Nicolas.Bolduc@duke.edu",NA,FALSE,33.48,"471348066"
578,1446520386,"Fair",FALSE,TRUE,"",29.72,"Bertram.Lafond@duke.edu",NA,FALSE,30.75,"471393622"
579,1446360763,"Fair",FALSE,TRUE,"",142.38,"Camille.Bodin@duke.edu",NA,FALSE,143.12,"471410772"
580,1446335014,"Fair",FALSE,TRUE,"",31.78,"Georgette.James@duke.edu",NA,FALSE,32.75,"471413895"
581,1446344421,"Fair",FALSE,TRUE,"",136.03,"Karey.Sewell@duke.edu",NA,FALSE,139.14,"047141526X"
582,1446376569,"Fair",FALSE,TRUE,"",73.06,"Rosanna.Dagostino@duke.edu",NA,FALSE,74.96,"471417998"
583,1446443683,"Fair",FALSE,TRUE,"",143.28,"Ashleigh.Deering@duke.edu",NA,FALSE,145.57,"471420840"
584,1446321137,"Fair",FALSE,TRUE,"",27.88,"Macy.Clow@duke.edu",NA,FALSE,32.68,"471433373"
585,1446449361,"Fair",FALSE,TRUE,"",76.48,"Stephanie.Pizano@duke.edu",NA,FALSE,79.32,"471433381"
586,1446303082,"Fair",FALSE,TRUE,"",111.04,"Tena.Goosby@duke.edu",NA,FALSE,115.19,"047143339X"
587,1446348421,"Fair",FALSE,TRUE,"",26.73,"Roxane.Pleasant@duke.edu",NA,FALSE,26.86,"471445770"
588,1446194407,"Fair",FALSE,TRUE,"",140.87,"Kathryn.Hamernik@duke.edu",NA,FALSE,145.49,"471445932"
589,1446295934,"Fair",FALSE,TRUE,"",115.56,"Doretta.Westergard@duke.edu",NA,FALSE,117.16,"471450073"
590,1446194593,"Fair",FALSE,TRUE,"",84.59,"Walker.Manalo@duke.edu",NA,FALSE,86.46,"471465801"
591,1446376620,"Fair",FALSE,TRUE,"",53.51,"Michele.Maharaj@duke.edu",NA,FALSE,55.12,"471470155"
592,1446384974,"Fair",FALSE,TRUE,"",87.67,"Juan.Milici@duke.edu",NA,FALSE,88.24,"471487287"
593,1446345793,"Fair",FALSE,TRUE,"",98.74,"Winifred.Zuckerman@duke.edu",NA,FALSE,102.28,"047148735X"
594,1446301216,"Fair",FALSE,TRUE,"",131.85,"Dominick.Laplante@duke.edu",NA,FALSE,132.2,"471488852"
595,1446404629,"Fair",FALSE,TRUE,"",145.07,"Deana.Radigan@duke.edu",NA,FALSE,147.58,"471563374"
596,1446428485,"Fair",FALSE,TRUE,"",127.5,"Rodolfo.Dove@duke.edu",NA,FALSE,130.69,"471655279"
597,1446244981,"Fair",FALSE,TRUE,"",62.5,"Douglas.Mann@duke.edu",NA,FALSE,66.99,"471656313"
598,1446483126,"Fair",FALSE,TRUE,"",55.61,"Sharri.Berryhill@duke.edu",NA,FALSE,59.33,"471661775"
599,1446349381,"Fair",FALSE,TRUE,"",34.9,"Marina.Amore@duke.edu",NA,FALSE,37.61,"471661783"
600,1446320684,"Fair",FALSE,TRUE,"",96.98,"Shanna.Haley@duke.edu",NA,FALSE,101.85,"471662933"
601,1446362288,"Fair",FALSE,TRUE,"",88.95,"Natalia.Bartlett@duke.edu",NA,FALSE,92.12,"471663158"
602,1446488132,"Fair",FALSE,TRUE,"",148.97,"Meg.Deines@duke.edu",NA,FALSE,150.76,"471675822"
603,1446449704,"Fair",FALSE,TRUE,"",52.66,"Marisela.Oxford@duke.edu",NA,FALSE,54.92,"471681709"
604,1446396579,"Fair",FALSE,TRUE,"",20,"Ilse.Jacinto@duke.edu",NA,FALSE,24.49,"471684767"
605,1446411933,"Fair",FALSE,TRUE,"",70.16,"Jack.Valencia@duke.edu",NA,FALSE,75.09,"471689343"
606,1446271971,"Fair",FALSE,TRUE,"",88.13,"Palmira.Kircher@duke.edu",NA,FALSE,89.52,"471692093"
607,1446267895,"Fair",FALSE,TRUE,"",123.59,"Shonda.Bohannon@duke.edu",NA,FALSE,128.1,"471692387"
608,1446420351,"Fair",FALSE,TRUE,"",146.92,"Cleveland.Holiday@duke.edu",NA,FALSE,150.89,"471694665"
609,1446285189,"Fair",FALSE,TRUE,"",107.61,"Serita.Robnett@duke.edu",NA,FALSE,107.85,"471705225"
610,1446381071,"Fair",FALSE,TRUE,"",84.06,"Nettie.Arata@duke.edu",NA,FALSE,86.64,"471715379"
611,1446265942,"Fair",FALSE,TRUE,"",32.54,"Jermaine.Penhollow@duke.edu",NA,FALSE,33.86,"471730424"
612,1446472777,"Fair",FALSE,TRUE,"",46.22,"Elton.Polo@duke.edu",NA,FALSE,48.58,"471730513"
613,1446317266,"Fair",FALSE,TRUE,"",60.25,"Cira.Harpe@duke.edu",NA,FALSE,64.53,"471736368"
614,1446257966,"Fair",FALSE,TRUE,"",78.09,"Dannielle.Eacret@duke.edu",NA,FALSE,78.19,"471736961"
615,1446550118,"Fair",FALSE,TRUE,"",44.29,"Vennie.Rutland@duke.edu",NA,FALSE,45.97,"471737690"
616,1446444516,"Fair",FALSE,TRUE,"",52.75,"Lezlie.Larocque@duke.edu",NA,FALSE,53.79,"471749559"
617,1446407138,"Fair",FALSE,TRUE,"",128.03,"Martina.Moodie@duke.edu",NA,FALSE,131.41,"471755303"
618,1446409071,"Fair",FALSE,TRUE,"",115.19,"Valentine.Mckern@duke.edu",NA,FALSE,119.59,"495005614"
619,1446312558,"Fair",FALSE,TRUE,"",24.43,"Emil.Jeffries@duke.edu",NA,FALSE,28.66,"495011622"
620,1446538954,"Fair",FALSE,TRUE,"",32.63,"Jodee.Pichette@duke.edu",NA,FALSE,36.15,"495012033"
621,1446348624,"Fair",FALSE,TRUE,"",97.28,"Leisha.Tullis@duke.edu",NA,FALSE,98.41,"495015997"
622,1446228644,"Fair",FALSE,TRUE,"",62.44,"Soon.Kennell@duke.edu",NA,FALSE,63.99,"495031283"
623,1446556462,"Fair",FALSE,TRUE,"",116.46,"Ozell.Gillison@duke.edu",NA,FALSE,116.97,"495093254"
624,1446320803,"Fair",FALSE,TRUE,"",62.33,"Cristie.Bello@duke.edu",NA,FALSE,64.7,"495187062"
625,1446248698,"Fair",FALSE,TRUE,"",127.57,"Aida.Silverberg@duke.edu",NA,FALSE,128.28,"521370957"
626,1446495469,"Fair",FALSE,TRUE,"",85.89,"Leana.Gassett@duke.edu",NA,FALSE,88.68,"534209106"
627,1446215436,"Fair",FALSE,TRUE,"",88.89,"Rhea.Beech@duke.edu",NA,FALSE,89.11,"534229026"
628,1446421499,"Fair",FALSE,TRUE,"",129.07,"Vennie.Barnwell@duke.edu",NA,FALSE,131.48,"534359450"
629,1446318966,"Fair",FALSE,TRUE,"",115.99,"Doug.Atwater@duke.edu",NA,FALSE,120.48,"534378048"
630,1446332350,"Fair",FALSE,TRUE,"",23.47,"Marion.Simek@duke.edu",NA,FALSE,27.61,"534380581"
631,1446310065,"Fair",FALSE,TRUE,"",115.91,"Gwyneth.Doles@duke.edu",NA,FALSE,117.99,"534387438"
632,1446376364,"Fair",FALSE,TRUE,"",147.57,"Caroll.Bankston@duke.edu",NA,FALSE,150.42,"534389996"
633,1446341788,"Fair",FALSE,TRUE,"",91.7,"Maragaret.Pardee@duke.edu",NA,FALSE,93.84,"534392008"
634,1446336741,"Fair",FALSE,TRUE,"",45.6,"Margarett.Wasmund@duke.edu",NA,FALSE,50.33,"053439339X"
635,1446325641,"Fair",FALSE,TRUE,"",70.67,"Hayden.Gines@duke.edu",NA,FALSE,75.21,"534399339"
636,1446300853,"Fair",FALSE,TRUE,"",109.09,"Deloras.Modisette@duke.edu",NA,FALSE,113.72,"534405215"
637,1446337265,"Fair",FALSE,TRUE,"",49.75,"Dung.Mcconville@duke.edu",NA,FALSE,52.13,"534408427"
638,1446466784,"Fair",FALSE,TRUE,"",81.72,"Isabell.Heap@duke.edu",NA,FALSE,83.1,"534408966"
639,1446301430,"Fair",FALSE,TRUE,"",43.56,"Alease.Pekar@duke.edu",NA,FALSE,44.58,"534417930"
640,1446334724,"Fair",FALSE,TRUE,"",23.16,"Parker.Mccabe@duke.edu",NA,FALSE,25.45,"534418058"
641,1446327159,"Fair",FALSE,TRUE,"",51.82,"Delorse.Hindle@duke.edu",NA,FALSE,56.23,"534418783"
642,1446289143,"Fair",FALSE,TRUE,"",32.13,"Salome.Remus@duke.edu",NA,FALSE,34.15,"534491243"
643,1446395496,"Fair",FALSE,TRUE,"",138.82,"Margy.Thiele@duke.edu",NA,FALSE,139.62,"053449143X"
644,1446344579,"Fair",FALSE,TRUE,"",49.33,"Beatriz.Gilkes@duke.edu",NA,FALSE,49.59,"534492142"
645,1446365737,"Fair",FALSE,TRUE,"",147.43,"Laurinda.Louden@duke.edu",NA,FALSE,148.48,"534536050"
646,1446331699,"Fair",FALSE,TRUE,"",52.96,"Micah.Maust@duke.edu",NA,FALSE,53.94,"534553818"
647,1446195935,"Fair",FALSE,TRUE,"",143.04,"Marquitta.Knowles@duke.edu",NA,FALSE,145.95,"534554016"
648,1446224500,"Fair",FALSE,TRUE,"",127.65,"Rosa.Gentry@duke.edu",NA,FALSE,131.31,"534558100"
649,1446307766,"Fair",FALSE,TRUE,"",28,"Kennith.Ostler@duke.edu",NA,FALSE,31.58,"534559867"
650,1446406518,"Fair",FALSE,TRUE,"",105.59,"Blair.Wagnon@duke.edu",NA,FALSE,106.06,"534585051"
651,1446400686,"Fair",FALSE,TRUE,"",112.37,"Melda.Kinsey@duke.edu",NA,FALSE,115.67,"534589626"
652,1446336564,"Fair",FALSE,TRUE,"",59.06,"Tena.Holloway@duke.edu",NA,FALSE,60.32,"534589898"
653,1446528739,"Fair",FALSE,TRUE,"",60.8,"Tobias.Duval@duke.edu",NA,FALSE,65.77,"534590535"
654,1446450169,"Fair",FALSE,TRUE,"",70.57,"Tiara.Auer@duke.edu",NA,FALSE,71.75,"534600085"
655,1446442721,"Fair",FALSE,TRUE,"",42.42,"Jerald.Stumbo@duke.edu",NA,FALSE,44.45,"053460725X"
656,1446499224,"Fair",FALSE,TRUE,"",21.33,"Marvin.Corlew@duke.edu",NA,FALSE,25.8,"534607950"
657,1446367907,"Fair",FALSE,TRUE,"",49.28,"Delana.Winland@duke.edu",NA,FALSE,50.91,"534608590"
658,1446361641,"Fair",FALSE,TRUE,"",128.97,"Siu.Gendreau@duke.edu",NA,FALSE,130.89,"534618596"
659,1446532685,"Fair",FALSE,TRUE,"",61.15,"Alexander.Simonton@duke.edu",NA,FALSE,64.77,"534621678"
660,1446249297,"Fair",FALSE,TRUE,"",114.11,"Cristal.Essex@duke.edu",NA,FALSE,114.99,"534948847"
661,1446247432,"Fair",FALSE,TRUE,"",64.61,"Trena.Mcmullan@duke.edu",NA,FALSE,66.17,"534950973"
662,1446467674,"Fair",FALSE,TRUE,"",135.9,"Noel.Mahnke@duke.edu",NA,FALSE,137.03,"534997236"
663,1446254446,"Fair",FALSE,TRUE,"",75.29,"Erica.Whelan@duke.edu",NA,FALSE,77.5,"053499766X"
664,1446273658,"Fair",FALSE,TRUE,"",137.19,"Kaye.Maus@duke.edu",NA,FALSE,140.83,"618400508"
665,1446532055,"Fair",FALSE,TRUE,"",20.89,"Andreas.Byerley@duke.edu",NA,FALSE,25.64,"619215267"
666,1446286725,"Fair",FALSE,TRUE,"",129.9,"Lane.Mcilvain@duke.edu",NA,FALSE,130.36,"061921743X"
667,1446357301,"Fair",FALSE,TRUE,"",101.5,"Lakeisha.Korhonen@duke.edu",NA,FALSE,102,"619255749"
668,1446265379,"Fair",FALSE,TRUE,"",40.71,"Skye.Peugh@duke.edu",NA,FALSE,43.5,"716715449"
669,1446294825,"Fair",FALSE,TRUE,"",96.43,"Wendie.Lappin@duke.edu",NA,FALSE,98.18,"716743396"
670,1446417494,"Fair",FALSE,TRUE,"",121.31,"Justina.Yawn@duke.edu",NA,FALSE,125.07,"716743663"
671,1446352629,"Fair",FALSE,TRUE,"",87.93,"Veda.Buckley@duke.edu",NA,FALSE,90.25,"716752298"
672,1446488548,"Fair",FALSE,TRUE,"",22.47,"Rochel.Gerst@duke.edu",NA,FALSE,26.75,"716752379"
673,1446348093,"Fair",FALSE,TRUE,"",114.74,"Mercedez.Jusino@duke.edu",NA,FALSE,118.23,"716757060"
674,1446559154,"Fair",FALSE,TRUE,"",76.48,"Diedre.Wilkinson@duke.edu",NA,FALSE,79.3,"716758814"
675,1446282001,"Fair",FALSE,TRUE,"",73.32,"Miesha.Rosales@duke.edu",NA,FALSE,77.96,"716764008"
676,1446332333,"Fair",FALSE,TRUE,"",148.59,"Mina.Dunneback@duke.edu",NA,FALSE,153.39,"716764466"
677,1446233599,"Fair",FALSE,TRUE,"",98.44,"Dierdre.Schweitzer@duke.edu",NA,FALSE,103.13,"716791595"
678,1446555329,"Fair",FALSE,TRUE,"",31.06,"Brandie.Moldenhauer@duke.edu",NA,FALSE,35.43,"721601871"
679,1446263156,"Fair",FALSE,TRUE,"",123.71,"Noemi.Pressler@duke.edu",NA,FALSE,127.65,"721602401"
680,1446330602,"Fair",FALSE,TRUE,"",68.72,"Gay.Callanan@duke.edu",NA,FALSE,73.46,"721690033"
681,1446273668,"Fair",FALSE,TRUE,"",70.13,"Herlinda.Felten@duke.edu",NA,FALSE,71.32,"721697577"
682,1446231499,"Fair",FALSE,TRUE,"",53.16,"Mindi.Almquist@duke.edu",NA,FALSE,57.12,"721697739"
683,1446413072,"Fair",FALSE,TRUE,"",99.43,"Sirena.Devine@duke.edu",NA,FALSE,104.06,"750661682"
684,1446199530,"Fair",FALSE,TRUE,"",82.35,"Dion.Hudec@duke.edu",NA,FALSE,84.43,"076192261X"
685,1446465866,"Fair",FALSE,TRUE,"",133.3,"Terina.Work@duke.edu",NA,FALSE,135.6,"781736390"
686,1446367059,"Fair",FALSE,TRUE,"",50.99,"Darwin.Hannaford@duke.edu",NA,FALSE,54.9,"805306552"
687,1446456587,"Fair",FALSE,TRUE,"",22.86,"Abel.Leventhal@duke.edu",NA,FALSE,26.32,"805330151"
688,1446310647,"Fair",FALSE,TRUE,"",84.02,"Conception.Jalbert@duke.edu",NA,FALSE,86.53,"080534635X"
689,1446384830,"Fair",FALSE,TRUE,"",80.94,"Dori.Dineen@duke.edu",NA,FALSE,85.81,"805346651"
690,1446262721,"Fair",FALSE,TRUE,"",63.34,"Kristyn.Lasko@duke.edu",NA,FALSE,64.22,"805346805"
691,1446255442,"Fair",FALSE,TRUE,"",134.6,"Harland.Schweigert@duke.edu",NA,FALSE,135.22,"805347909"
692,1446355146,"Fair",FALSE,TRUE,"",108,"Cassondra.Burkhead@duke.edu",NA,FALSE,112.12,"805348301"
693,1446500594,"Fair",FALSE,TRUE,"",30.72,"Kenton.Cavazos@duke.edu",NA,FALSE,33.44,"805359095"
694,1446453525,"Fair",FALSE,TRUE,"",62.1,"Ramon.Eldred@duke.edu",NA,FALSE,66.67,"805366245"
695,1446458545,"Fair",FALSE,TRUE,"",96.73,"Venetta.Golub@duke.edu",NA,FALSE,97.41,"805368515"
696,1446341292,"Fair",FALSE,TRUE,"",66.72,"Pa.Roger@duke.edu",NA,FALSE,69.1,"080537146X"
697,1446328414,"Fair",FALSE,TRUE,"",73.25,"Waneta.Gossage@duke.edu",NA,FALSE,76.13,"805371605"
698,1446490595,"Fair",FALSE,TRUE,"",112.09,"Mireya.Angel@duke.edu",NA,FALSE,116.84,"805372105"
699,1446278213,"Fair",FALSE,TRUE,"",141.64,"Ethyl.Dirks@duke.edu",NA,FALSE,142.68,"805372539"
700,1446406151,"Fair",FALSE,TRUE,"",130.04,"Kum.Berke@duke.edu",NA,FALSE,130.23,"805372806"
701,1446476125,"Fair",FALSE,TRUE,"",149.4,"Diann.Peer@duke.edu",NA,FALSE,151.81,"805373276"
702,1446456231,"Fair",FALSE,TRUE,"",89.84,"Krystin.Tuller@duke.edu",NA,FALSE,94.22,"080537678X"
703,1446413668,"Fair",FALSE,TRUE,"",139.13,"Louis.Luttrell@duke.edu",NA,FALSE,143.77,"805385665"
704,1446362357,"Fair",FALSE,TRUE,"",35.14,"Katherina.Dock@duke.edu",NA,FALSE,38.86,"080538684X"
705,1446322281,"Fair",FALSE,TRUE,"",128.09,"Malcom.Santerre@duke.edu",NA,FALSE,132.36,"805391908"
706,1446476605,"Fair",FALSE,TRUE,"",115.54,"Lashon.Schoepp@duke.edu",NA,FALSE,118.3,"884271781"
707,1446442785,"Fair",FALSE,TRUE,"",123.47,"Lorena.Hoy@duke.edu",NA,FALSE,124.63,"890420254"
708,1446331709,"Fair",FALSE,TRUE,"",23.26,"Shay.Soldner@duke.edu",NA,FALSE,27.34,"1401860265"
709,1446332808,"Fair",FALSE,TRUE,"",110.23,"Shameka.Breedlove@duke.edu",NA,FALSE,112.48,"1416000887"
710,1446398203,"Fair",FALSE,TRUE,"",96.43,"Youlanda.Vachon@duke.edu",NA,FALSE,97.38,"1416025340"
711,1446312084,"Fair",FALSE,TRUE,"",23.03,"Valentina.Mcdermott@duke.edu",NA,FALSE,23.45,"1418835935"
712,1446247346,"Fair",FALSE,TRUE,"",43.6,"Tianna.Kinnaird@duke.edu",NA,FALSE,43.97,"1418835978"
713,1446496224,"Fair",FALSE,TRUE,"",46.19,"Tressa.Ursery@duke.edu",NA,FALSE,47.05,"1418836397"
714,1446370609,"Fair",FALSE,TRUE,"",27.71,"Jodee.Mangino@duke.edu",NA,FALSE,28.82,"1418843709"
715,1446303915,"Fair",FALSE,TRUE,"",45,"Robena.Hiett@duke.edu",NA,FALSE,47.2,"1558606041"
716,1446216815,"Fair",FALSE,TRUE,"",81.71,"Delorse.Kroh@duke.edu",NA,FALSE,82.53,"155860832X"
717,1446179525,"Fair",FALSE,TRUE,"",107.26,"Glayds.Steger@duke.edu",NA,FALSE,110.24,"1932531084"
