1,1446347523,"New",1,1,112.49,"Diane.Fang@duke.edu",92.49,1,"26515628",""
2,1446362438,"New",1,1,92.09,"Nakita.Berrios@duke.edu",72.09,1,"30020786",""
3,1446267731,"New",1,1,109.25,"Ramon.Lige@duke.edu",89.25,1,"30350840",""
4,1446281210,"New",1,1,87.04,"Kendrick.Waterfield@duke.edu",67.04,1,"70109109",""
5,1446483518,"New",1,1,137.65,"Becky.Ayer@duke.edu",117.65,1,"70311366",""
6,1446338745,"New",1,1,54.43,"Lakia.Daniell@duke.edu",34.43,1,"70350485",""
7,1446555324,"New",1,1,105.92,"Kendall.Matos@duke.edu",85.92,1,"007035958X",""
8,1446299155,"New",1,1,158.18,"Skye.Peugh@duke.edu",138.18,1,"70393605",""
9,1446570137,"New",1,1,127.56,"Lakeisha.Korhonen@duke.edu",107.56,1,"70418780",""
10,1446396781,"New",1,1,77.68,"Lane.Mcilvain@duke.edu",57.68,1,"007054235X",""
11,1446459686,"New",1,1,80.52,"Deloras.Modisette@duke.edu",60.52,1,"72294337",""
12,1446433774,"New",1,1,65.78,"Vernita.Lopinto@duke.edu",45.78,1,"72299908",""
13,1446332776,"New",1,1,105.36,"Tatiana.Hollabaugh@duke.edu",85.36,1,"007231592X",""
14,1446432287,"New",1,1,149.84,"Soon.Kennell@duke.edu",129.84,1,"72321113",""
15,1446430552,"New",1,1,169.64,"Doretta.Westergard@duke.edu",149.64,1,"72339705","For ECON673"
16,1446327652,"New",1,1,161.55,"Abbie.Hagerman@duke.edu",141.55,1,"72345535",""
17,1446288001,"New",1,1,130.08,"Lakiesha.Rome@duke.edu",110.08,1,"72348984",""
18,1446239266,"New",1,1,98.8,"Tena.Goosby@duke.edu",78.8,1,"72350539",""
19,1446455916,"New",1,1,44.94,"Bertram.Lafond@duke.edu",24.94,1,"72380322",""
20,1446474534,"New",1,1,122.84,"Linh.Rask@duke.edu",102.84,1,"72385790",""
21,1446306848,"New",1,1,108.17,"Nicolas.Bolduc@duke.edu",88.17,1,"72392665",""
22,1446377638,"New",1,1,96.34,"Alaine.Mackey@duke.edu",76.34,1,"72398876",""
23,1446334068,"New",1,1,63.44,"Elina.Hong@duke.edu",43.44,1,"72402318",""
24,1446390518,"New",1,1,98.59,"Sabine.Sowa@duke.edu",78.59,1,"72406550",""
25,1446325770,"New",1,1,124.27,"Georgia.Necessary@duke.edu",104.27,1,"72431881",""
26,1446483311,"New",1,1,51.05,"Evangeline.Gokey@duke.edu",31.05,1,"72432020",""
27,1446286099,"New",1,1,52.03,"Judy.Shahan@duke.edu",32.03,1,"72437316",""
28,1446334085,"New",1,1,59.4,"Shira.Shumake@duke.edu",39.4,1,"72448482",""
29,1446405366,"New",1,1,61.49,"Faustino.Delima@duke.edu",41.49,1,"72452692",""
30,1446230101,"New",1,1,118.56,"Ethan.Southwood@duke.edu",98.56,1,"72460539",""
31,1446313637,"New",1,1,63.77,"Carlotta.Schweitzer@duke.edu",43.77,1,"007246352X",""
32,1446338807,"New",1,1,55.95,"Amie.Cheesman@duke.edu",35.95,1,"007246464X",""
33,1446293027,"New",1,1,66.7,"Alix.Bixby@duke.edu",46.7,1,"72465239",""
34,1446405641,"New",1,1,143.95,"Migdalia.Sprvill@duke.edu",123.95,1,"72465638",""
35,1446252351,"New",1,1,100.62,"Wayne.Sorrels@duke.edu",80.62,1,"72466855",""
36,1446249861,"New",1,1,113.32,"Ariel.Brannon@duke.edu",93.32,1,"72467509",""
37,1446511911,"New",1,1,73.06,"Hollis.Rocchio@duke.edu",53.06,1,"72468246",""
38,1446553408,"New",1,1,96.53,"Awilda.Tunstall@duke.edu",76.53,1,"007246836X",""
39,1446244372,"New",1,1,166.12,"Alden.Golliday@duke.edu",146.12,1,"72471468",""
40,1446490640,"New",1,1,104.33,"Stanford.Hagerty@duke.edu",84.33,1,"72478527",""
41,1446439747,"New",1,1,68.26,"Britt.Kwak@duke.edu",48.26,1,"72492953",""
42,1446411891,"New",1,1,152.85,"Bobbye.Leavitt@duke.edu",132.85,1,"72499389",""
43,1446480250,"New",1,1,42.83,"Lanell.Glanton@duke.edu",22.83,1,"72505036",""
44,1446203152,"New",1,1,53.62,"Alexa.Acquaviva@duke.edu",33.62,1,"72525231",""
45,1446232132,"New",1,1,103.83,"Carrie.Verdugo@duke.edu",83.83,1,"72528303",""
46,1446369085,"New",1,1,117.68,"Scottie.Poissant@duke.edu",97.68,1,"72534958",""
47,1446466798,"New",1,1,147.87,"Neal.Woodburn@duke.edu",127.87,1,"72819359",""
48,1446385346,"New",1,1,64.04,"Luciano.Madonia@duke.edu",44.04,1,"72823402","For ECON602"
49,1446360823,"New",1,1,96.94,"Regena.Conner@duke.edu",76.94,1,"72827416",""
50,1446427523,"New",1,1,77.8,"Josh.Funk@duke.edu",57.8,1,"72828803",""
51,1446279573,"New",1,1,67.84,"Emmie.Stoll@duke.edu",47.84,1,"72829206",""
52,1446281126,"New",1,1,141.35,"Shenna.Horne@duke.edu",121.35,1,"72830085",""
53,1446238476,"New",1,1,141.17,"Tobias.Jorgenson@duke.edu",121.17,1,"72830875",""
54,1446395454,"New",1,1,160.92,"Anisa.Tatro@duke.edu",140.92,1,"72831561",""
55,1446347218,"New",1,1,103.77,"Mollie.Pietrzak@duke.edu",83.77,1,"72834943",""
56,1446474839,"New",1,1,89.2,"Tameika.Thome@duke.edu",69.2,1,"72838787",""
57,1446230417,"New",1,1,161.87,"Taisha.Pride@duke.edu",141.87,1,"72846119",""
58,1446357470,"New",1,1,76.21,"Lanie.Bald@duke.edu",56.21,1,"72848235",""
59,1446376646,"New",1,1,95.61,"Almeda.Holmberg@duke.edu",75.61,1,"72859342",""
60,1446201556,"New",1,1,41.97,"Wendell.Tocco@duke.edu",21.97,1,"72861789",""
61,1446231967,"New",1,1,164.05,"Arletta.Jiang@duke.edu",144.05,1,"72864478",""
62,1446368407,"New",1,1,81.94,"Tyrone.Rozier@duke.edu",61.94,1,"72864877",""
63,1446394535,"New",1,1,107.97,"China.Chavarin@duke.edu",87.97,1,"72865784",""
64,1446420995,"New",1,1,75.4,"Rozella.Studebaker@duke.edu",55.4,1,"72865989",""
65,1446363004,"New",1,1,90.45,"Kris.Craddock@duke.edu",70.45,1,"72871776",""
66,1446359174,"New",1,1,147.69,"Alma.Kirby@duke.edu",127.69,1,"72872527",""
67,1446330608,"New",1,1,86.23,"Fabiola.Hartshorn@duke.edu",66.23,1,"72873795",""
68,1446558157,"New",1,1,134.8,"Velia.Malagon@duke.edu",114.8,1,"72875062",""
69,1446407246,"New",1,1,166.53,"Jenelle.Delpino@duke.edu",146.53,1,"72876484",""
70,1446400063,"New",1,1,167.09,"Earline.Christian@duke.edu",147.09,1,"72881208",""
71,1446211820,"New",1,1,42.55,"Zenaida.Rehbein@duke.edu",22.55,1,"72887605",""
72,1446176286,"New",1,1,125.39,"Alline.Eilers@duke.edu",105.39,1,"72918993",""
73,1446492997,"excellent",1,1,155.35,"Collette.Fetzer@duke.edu",135.35,1,"72919817",""
74,1446448005,"excellent",1,1,165.77,"Hae.Underhill@duke.edu",145.77,1,"72921641",""
75,1446311609,"excellent",1,1,57.99,"Reggie.Inoue@duke.edu",37.99,1,"72921935",""
76,1446340270,"excellent",1,1,79.37,"Liz.Boniello@duke.edu",59.37,1,"72922184",""
77,1446440489,"excellent",1,1,165.25,"Fran.Sylvia@duke.edu",145.25,1,"72922427",""
78,1446458916,"excellent",1,1,161.08,"Tamela.Winsor@duke.edu",141.08,1,"007293414X",""
79,1446410930,"excellent",1,1,89,"Nestor.Calvo@duke.edu",69,1,"007293588X",""
80,1446499225,"excellent",1,1,40.24,"Tierra.Givan@duke.edu",20.24,1,"72936932",""
81,1446563680,"excellent",1,1,152.24,"Orpha.Kraus@duke.edu",132.24,1,"72947756",""
82,1446344165,"excellent",1,1,169.49,"Whitley.Mahon@duke.edu",149.49,1,"72947888",""
83,1446398041,"excellent",1,1,66.3,"Byron.Leek@duke.edu",46.3,1,"72951753",""
84,1446522452,"excellent",1,1,127.16,"Grisel.Tomasek@duke.edu",107.16,1,"72957239",""
85,1446344253,"excellent",1,1,74.18,"Rima.Mcnamara@duke.edu",54.18,1,"72958863",""
86,1446291774,"excellent",1,1,42.46,"Sheila.Sheley@duke.edu",22.46,1,"72961449",""
87,1446275142,"excellent",1,1,62.89,"Lowell.Hopple@duke.edu",42.89,1,"007296183X",""
88,1446329648,"excellent",1,1,103.31,"Creola.Deveau@duke.edu",83.31,1,"72961902",""
89,1446392772,"excellent",1,1,76.75,"Adelina.Annunziata@duke.edu",56.75,1,"72961945",""
90,1446488128,"excellent",1,1,95.03,"Claudine.Ortega@duke.edu",75.03,1,"007296216X",""
91,1446398089,"excellent",1,1,83.24,"Eugenia.Willmon@duke.edu",63.24,1,"72962216",""
92,1446471180,"excellent",1,1,166.64,"Leonarda.Joyal@duke.edu",146.64,1,"72963050",""
93,1446566901,"excellent",1,1,120.24,"Melissa.Lytton@duke.edu",100.24,1,"72964200",""
94,1446530826,"excellent",1,1,74.02,"Clement.Croston@duke.edu",54.02,1,"72964464",""
95,1446552479,"excellent",1,1,101.25,"Lindsey.Pendergraft@duke.edu",81.25,1,"72964723",""
96,1446396861,"excellent",1,1,133.78,"Michell.Notaro@duke.edu",113.78,1,"72965975",""
97,1446462626,"excellent",1,1,121.08,"Sarita.Barto@duke.edu",101.08,1,"72966343",""
98,1446251068,"excellent",1,1,72.32,"Keven.Conlon@duke.edu",52.32,1,"72966556",""
99,1446383207,"excellent",1,1,110.09,"Lauran.Summerville@duke.edu",90.09,1,"72967722",""
100,1446340091,"excellent",1,1,87.37,"Eileen.Chess@duke.edu",67.37,1,"72971215",""
101,1446315089,"excellent",1,1,41.47,"Isreal.Urban@duke.edu",21.47,1,"72971223",""
102,1446466029,"excellent",1,1,69.8,"Tomi.Maggio@duke.edu",49.8,1,"72971231",""
103,1446178016,"excellent",1,1,68.66,"Jerrold.Vanderhorst@duke.edu",48.66,1,"72975865",""
104,1446299967,"excellent",1,1,131.9,"Dwayne.Seal@duke.edu",111.9,1,"72976756",""
105,1446520335,"excellent",1,1,151.13,"Julianna.Wurster@duke.edu",131.13,1,"72976861",""
106,1446325776,"excellent",1,1,51.65,"Trudy.Borgen@duke.edu",31.65,1,"72977353",""
107,1446494980,"excellent",1,1,76.54,"Leighann.Cruickshank@duke.edu",56.54,1,"72977450",""
108,1446334580,"excellent",1,1,64.07,"Dean.Wittmer@duke.edu",44.07,1,"72977515",""
109,1446461562,"excellent",1,1,65.87,"Margurite.Klingman@duke.edu",45.87,1,"72977558",""
110,1446416717,"excellent",1,1,81.63,"Marlena.Babb@duke.edu",61.63,1,"72978635",""
111,1446506933,"excellent",1,1,167.09,"Alverta.Fiorito@duke.edu",147.09,1,"72979526",""
112,1446530726,"excellent",1,1,151.77,"Lorriane.Freed@duke.edu",131.77,1,"72980907",""
113,1446483223,"excellent",1,1,71.13,"Linnie.Blais@duke.edu",51.13,1,"72982713",""
114,1446350443,"excellent",1,1,60.95,"Aleisha.Beer@duke.edu",40.95,1,"72983019",""
115,1446275993,"excellent",1,1,133.03,"Isaac.Sharman@duke.edu",113.03,1,"72983809",""
116,1446403599,"excellent",1,1,40.43,"Ambrose.Homeyer@duke.edu",20.43,1,"72983906",""
117,1446362280,"excellent",1,1,152.93,"Colton.Gilchrist@duke.edu",132.93,1,"72986212",""
118,1446226139,"excellent",1,1,141.45,"Carey.Santoyo@duke.edu",121.45,1,"72986220",""
119,1446505508,"excellent",1,1,108.13,"Alfonzo.Lopez@duke.edu",88.13,1,"72987170",""
120,1446440029,"excellent",1,1,96.03,"Darline.Boyton@duke.edu",76.03,1,"72987227",""
121,1446377717,"excellent",1,1,128.54,"Marilynn.Bickett@duke.edu",108.54,1,"72987286",""
122,1446443553,"excellent",1,1,63.92,"Yulanda.Abram@duke.edu",43.92,1,"72987324",""
123,1446480132,"excellent",1,1,90.93,"Sheilah.Mone@duke.edu",70.93,1,"007298936X",""
124,1446320067,"excellent",1,1,80.8,"Synthia.Bhatt@duke.edu",60.8,1,"72990716",""
125,1446329766,"excellent",1,1,164.42,"Oswaldo.Keim@duke.edu",144.42,1,"72991054",""
126,1446455252,"excellent",1,1,96.69,"Barbara.Estey@duke.edu",76.69,1,"72992565",""
127,1446516008,"excellent",1,1,157.1,"Shelba.Kissell@duke.edu",137.1,1,"72994029",""
128,1446385402,"excellent",1,1,136.36,"Clair.Splawn@duke.edu",116.36,1,"72994355",""
129,1446446810,"excellent",1,1,42.24,"Ashely.Owens@duke.edu",22.24,1,"72994428",""
130,1446313280,"excellent",1,1,51.64,"Lakenya.Ord@duke.edu",31.64,1,"72995688",""
131,1446481348,"excellent",1,1,118.77,"Nevada.Kimber@duke.edu",98.77,1,"72996862",""
132,1446349806,"excellent",1,1,142.72,"Felisa.Pete@duke.edu",122.72,1,"73011215",""
133,1446400238,"excellent",1,1,40.01,"Dale.Knebel@duke.edu",20.01,1,"73012386",""
134,1446236671,"excellent",1,1,80.06,"Kellee.Guillory@duke.edu",60.06,1,"73016039",""
135,1446374185,"excellent",1,1,144.06,"Brynn.Veliz@duke.edu",124.06,1,"73018376",""
136,1446394509,"excellent",1,1,112.02,"Clara.Ordway@duke.edu",92.02,1,"73018651",""
137,1446339434,"excellent",1,1,75.21,"Christia.Umland@duke.edu",55.21,1,"007301933X",""
138,1446456768,"excellent",1,1,139.48,"Arlie.Bolenbaugh@duke.edu",119.48,1,"73040762",""
139,1446343158,"excellent",1,1,107.36,"Stacia.Husain@duke.edu",87.36,1,"73044652",""
140,1446333816,"excellent",1,1,50.03,"Marceline.Goe@duke.edu",30.03,1,"73046671",""
141,1446337496,"excellent",1,1,72.04,"Nell.Goldberg@duke.edu",52.04,1,"73048380",""
142,1446506740,"excellent",1,1,42.59,"Andree.Alongi@duke.edu",22.59,1,"73049204",""
143,1446248165,"excellent",1,1,47.02,"Tyra.Brawn@duke.edu",27.02,1,"73049212",""
144,1446493142,"excellent",1,1,119.55,"Myrta.Kain@duke.edu",99.55,1,"73050199",""
145,1446502593,"excellent",1,1,40.29,"Marylyn.Lippold@duke.edu",20.29,1,"73051888",""
146,1446451901,"excellent",1,1,51.78,"Jackson.Blazer@duke.edu",31.78,1,"73051896",""
147,1446408828,"excellent",1,1,113.85,"Roberto.Derksen@duke.edu",93.85,1,"73052337",""
148,1446485989,"excellent",1,1,139.97,"Gale.Fleener@duke.edu",119.97,1,"73080152",""
149,1446338588,"excellent",1,1,132.07,"Loyce.Oconnor@duke.edu",112.07,1,"73100234",""
150,1446487773,"excellent",1,1,130.44,"Gregory.Niemi@duke.edu",110.44,1,"73101567",""
151,1446412066,"excellent",1,1,148.75,"Adena.Shelman@duke.edu",128.75,1,"73101591",""
152,1446339330,"excellent",1,1,134.49,"Particia.Landeros@duke.edu",114.49,1,"73101699",""
153,1446398675,"excellent",1,1,168.2,"Howard.Branco@duke.edu",148.2,1,"73101702",""
154,1446437473,"excellent",1,1,47.09,"Lovetta.Stamey@duke.edu",27.09,1,"73101710",""
155,1446562299,"excellent",1,1,73.06,"Elaine.Matus@duke.edu",53.06,1,"73101745",""
156,1446238750,"excellent",1,1,53.04,"Reiko.Jaffe@duke.edu",33.04,1,"73101761",""
157,1446425462,"excellent",1,1,133.79,"Jillian.Pavia@duke.edu",113.79,1,"73102555",""
158,1446351280,"excellent",1,1,73.49,"Enriqueta.Sexton@duke.edu",53.49,1,"73104027",""
159,1446366933,"excellent",1,1,161.34,"Branda.Brueggeman@duke.edu",141.34,1,"73104450",""
160,1446347053,"excellent",1,1,162.43,"Elza.Saucier@duke.edu",142.43,1,"73104639",""
161,1446472612,"excellent",1,1,56.45,"Hilda.Dieter@duke.edu",36.45,1,"73104647",""
162,1446447829,"excellent",1,1,87.21,"Felipe.Eisenbarth@duke.edu",67.21,1,"73105767",""
163,1446354917,"excellent",1,1,122.26,"Jacquelyn.Bogle@duke.edu",102.26,1,"73107638",""
164,1446361218,"excellent",1,1,66.77,"Harriette.Donaghy@duke.edu",46.77,1,"73107670",""
165,1446282303,"excellent",1,1,120.88,"Elayne.Howes@duke.edu",100.88,1,"73107689",""
166,1446455309,"excellent",1,1,142.84,"Keeley.Cole@duke.edu",122.84,1,"73107956",""
167,1446311860,"excellent",1,1,70.84,"Scott.Janowski@duke.edu",50.84,1,"007310874X",""
168,1446392156,"excellent",1,1,88.92,"Shiloh.Lussier@duke.edu",68.92,1,"007310938X",""
169,1446406420,"excellent",1,1,64.37,"Elfreda.Linz@duke.edu",44.37,1,"007310941X",""
170,1446510658,"excellent",1,1,164.14,"Doyle.Raybon@duke.edu",144.14,1,"73109444",""
171,1446453948,"excellent",1,1,43.23,"Jean.Duerr@duke.edu",23.23,1,"73109630",""
172,1446444828,"excellent",1,1,105.86,"Cher.Paulus@duke.edu",85.86,1,"73121657",""
173,1446487328,"excellent",1,1,141.45,"Su.Furlow@duke.edu",121.45,1,"73121665",""
174,1446417545,"excellent",1,1,95.19,"Rachele.Lowman@duke.edu",75.19,1,"73122580",""
175,1446448792,"excellent",1,1,110.53,"Eric.Fentress@duke.edu",90.53,1,"73122866",""
176,1446302204,"excellent",1,1,43.56,"Leoma.Lasater@duke.edu",23.56,1,"73126993",""
177,1446283034,"excellent",1,1,78,"Sharen.Lacayo@duke.edu",58,1,"73128929",""
178,1446243353,"excellent",1,1,47.75,"Brittanie.Severance@duke.edu",27.75,1,"73130826",""
179,1446356926,"excellent",1,1,90.2,"Dawna.Herring@duke.edu",70.2,1,"73131946",""
180,1446390446,"excellent",1,1,117.58,"Waneta.Gossage@duke.edu",97.58,1,"73134287",""
181,1446560449,"excellent",1,1,125.89,"Pa.Roger@duke.edu",105.89,1,"73134295",""
182,1446479156,"excellent",1,1,121.94,"Venetta.Golub@duke.edu",101.94,1,"73134937",""
183,1446282365,"excellent",1,1,115.65,"Ramon.Eldred@duke.edu",95.65,1,"73135690",""
184,1446394540,"excellent",1,1,65.12,"Kenton.Cavazos@duke.edu",45.12,1,"73135852",""
185,1446329544,"excellent",1,1,101,"Cassondra.Burkhead@duke.edu",81,1,"73135941",""
186,1446363900,"excellent",1,1,150.08,"Harland.Schweigert@duke.edu",130.08,1,"73136905",""
187,1446280510,"excellent",1,1,132.45,"Kristyn.Lasko@duke.edu",112.45,1,"73137537",""
188,1446446032,"excellent",1,1,66.99,"Dori.Dineen@duke.edu",46.99,1,"73138339",""
189,1446295152,"excellent",1,1,164.02,"Conception.Jalbert@duke.edu",144.02,1,"73138967",""
190,1446451097,"excellent",1,1,136,"Abel.Leventhal@duke.edu",116,1,"73191752",""
191,1446511512,"excellent",1,1,141.46,"Darwin.Hannaford@duke.edu",121.46,1,"73191817",""
192,1446556586,"excellent",1,1,150.52,"Terina.Work@duke.edu",130.52,1,"73191833",""
193,1446320361,"excellent",1,1,62.04,"Dion.Hudec@duke.edu",42.04,1,"73192635",""
194,1446237964,"excellent",1,1,40.89,"Sirena.Devine@duke.edu",20.89,1,"73194174",""
195,1446543240,"excellent",1,1,140.54,"Mindi.Almquist@duke.edu",120.54,1,"73203130",""
196,1446380770,"excellent",1,1,48.04,"Herlinda.Felten@duke.edu",28.04,1,"73205346",""
197,1446473250,"excellent",1,1,115.61,"Gay.Callanan@duke.edu",95.61,1,"73211141",""
198,1446456438,"excellent",1,1,139.46,"Noemi.Pressler@duke.edu",119.46,1,"73214876",""
199,1446391909,"excellent",1,1,136.92,"Brandie.Moldenhauer@duke.edu",116.92,1,"73215775",""
200,1446374970,"excellent",1,1,155.12,"Dierdre.Schweitzer@duke.edu",135.12,1,"73219460",""
201,1446467890,"excellent",1,1,42.26,"Mina.Dunneback@duke.edu",22.26,1,"73220337",""
202,1446441125,"excellent",1,1,55.82,"Miesha.Rosales@duke.edu",35.82,1,"73221074",""
203,1446317333,"excellent",1,1,100.3,"Diedre.Wilkinson@duke.edu",80.3,1,"73224359",""
204,1446426067,"excellent",1,1,113.79,"Mercedez.Jusino@duke.edu",93.79,1,"73229784",""
205,1446205965,"excellent",1,1,61.84,"Rochel.Gerst@duke.edu",41.84,1,"73250325",""
206,1446546789,"excellent",1,1,73.36,"Veda.Buckley@duke.edu",53.36,1,"73256439",""
207,1446396785,"excellent",1,1,107.94,"Justina.Yawn@duke.edu",87.94,1,"73660094",""
208,1446393040,"excellent",1,1,160.58,"Wendie.Lappin@duke.edu",140.58,1,"73660558",""
209,1446427148,"excellent",1,1,163.21,"Andreas.Byerley@duke.edu",143.21,1,"125980558",""
210,1446475284,"excellent",1,1,69.86,"Kaye.Maus@duke.edu",49.86,1,"125980574",""
211,1446334914,"excellent",1,1,79.86,"Erica.Whelan@duke.edu",59.86,1,"130082058",""
212,1446320224,"excellent",1,1,114.21,"Noel.Mahnke@duke.edu",94.21,1,"130083690",""
213,1446402974,"excellent",1,1,106.5,"Trena.Mcmullan@duke.edu",86.5,1,"130084611",""
214,1446365888,"excellent",1,1,46.26,"Cristal.Essex@duke.edu",26.26,1,"130085073",""
215,1446310765,"excellent",1,1,75.91,"Alexander.Simonton@duke.edu",55.91,1,"130085197",""
216,1446352928,"excellent",1,1,89.58,"Siu.Gendreau@duke.edu",69.58,1,"130088471",""
217,1446392456,"excellent",1,1,72.29,"Delana.Winland@duke.edu",52.29,1,"130167630",""
218,1446377746,"excellent",1,1,72.87,"Marvin.Corlew@duke.edu",52.87,1,"130175986",""
219,1446290317,"excellent",1,1,110.75,"Jerald.Stumbo@duke.edu",90.75,1,"130281271",""
220,1446337802,"excellent",1,1,156.25,"Tiara.Auer@duke.edu",136.25,1,"130307912",""
221,1446452263,"excellent",1,1,117.02,"Tobias.Duval@duke.edu",97.02,1,"130313580",""
222,1446214809,"excellent",1,1,160.21,"Tena.Holloway@duke.edu",140.21,1,"130332712",""
223,1446382168,"excellent",1,1,61.8,"Melda.Kinsey@duke.edu",41.8,1,"013034074X",""
224,1446515235,"excellent",1,1,75.33,"Blair.Wagnon@duke.edu",55.33,1,"130342815",""
225,1446330886,"excellent",1,1,106.66,"Luanne.Rowton@duke.edu",86.66,1,"130352802",""
226,1446454502,"excellent",1,1,136.03,"Kennith.Ostler@duke.edu",116.03,1,"130354716",""
227,1446446274,"excellent",1,1,88.77,"Rosa.Gentry@duke.edu",68.77,1,"130384712",""
228,1446509621,"excellent",1,1,122.65,"Branden.Murphree@duke.edu",102.65,1,"130404675",""
229,1446375208,"excellent",1,1,86.59,"Sara.Begum@duke.edu",66.59,1,"130408719",""
230,1446398146,"excellent",1,1,130.43,"Marquitta.Knowles@duke.edu",110.43,1,"130411507",""
231,1446436715,"excellent",1,1,57.62,"Micah.Maust@duke.edu",37.62,1,"013041977X",""
232,1446562658,"excellent",1,1,63.22,"Tabitha.Comstock@duke.edu",43.22,1,"130460192",""
233,1446482617,"excellent",1,1,57.41,"Jeremiah.Sant@duke.edu",37.41,1,"130461067",""
234,1446210690,"excellent",1,1,40.64,"Laurinda.Louden@duke.edu",20.64,1,"130466417",""
235,1446537872,"excellent",1,1,153.46,"Eulah.Diggins@duke.edu",133.46,1,"130471100",""
236,1446260767,"excellent",1,1,132.71,"Beatriz.Gilkes@duke.edu",112.71,1,"130473944",""
237,1446421824,"excellent",1,1,147.39,"Margy.Thiele@duke.edu",127.39,1,"130489875",""
238,1446272817,"excellent",1,1,75.99,"Vivienne.Ali@duke.edu",55.99,1,"130606200",""
239,1446331084,"excellent",1,1,96.54,"Madelene.Winans@duke.edu",76.54,1,"130608998",""
240,1446530788,"excellent",1,1,167.12,"Salome.Remus@duke.edu",147.12,1,"130609072",""
241,1446287869,"excellent",1,1,144.42,"Takisha.Okamoto@duke.edu",124.42,1,"130618853",""
242,1446368093,"excellent",1,1,114.61,"Delorse.Hindle@duke.edu",94.61,1,"130652458",""
243,1446445502,"excellent",1,1,118.8,"Parker.Mccabe@duke.edu",98.8,1,"130661899",""
244,1446385278,"excellent",1,1,121.72,"Mozell.Bronk@duke.edu",101.72,1,"013066491X",""
245,1446271258,"excellent",1,1,130.37,"Alease.Pekar@duke.edu",110.37,1,"013081542X",""
246,1446462883,"excellent",1,1,129.01,"Marhta.Robards@duke.edu",109.01,1,"130819085",""
247,1446288172,"excellent",1,1,151.31,"Isabell.Heap@duke.edu",131.31,1,"130868175",""
248,1446373957,"excellent",1,1,77.52,"Lakita.Martel@duke.edu",57.52,1,"130882399",""
249,1446410967,"excellent",1,1,45.91,"Dung.Mcconville@duke.edu",25.91,1,"130889784",""
250,1446434423,"excellent",1,1,138.16,"Blossom.Dewall@duke.edu",118.16,1,"130909963",""
251,1446553274,"excellent",1,1,114.55,"Hayden.Gines@duke.edu",94.55,1,"130925535",""
252,1446574010,"excellent",1,1,56.61,"Teisha.Greaney@duke.edu",36.61,1,"130930857",""
253,1446475806,"excellent",1,1,137.38,"Marsha.Satterlee@duke.edu",117.38,1,"131013653",""
254,1446534132,"excellent",1,1,100.03,"Margarett.Wasmund@duke.edu",80.03,1,"013101367X",""
255,1446490565,"excellent",1,1,131.73,"Sid.Bitner@duke.edu",111.73,1,"131073893",""
256,1446364244,"excellent",1,1,84.47,"Maragaret.Pardee@duke.edu",64.47,1,"131095978",""
257,1446319646,"excellent",1,1,53.17,"Caroll.Bankston@duke.edu",33.17,1,"131096869",""
258,1446399016,"excellent",1,1,63.38,"Janean.Caverly@duke.edu",43.38,1,"131108956",""
259,1446278006,"excellent",1,1,139.44,"Vanessa.Meininger@duke.edu",119.44,1,"131112023",""
260,1446562974,"excellent",1,1,69.73,"Gwyneth.Doles@duke.edu",49.73,1,"131118927",""
261,1446462968,"excellent",1,1,77.29,"Marion.Simek@duke.edu",57.29,1,"131131273",""
262,1446411476,"excellent",1,1,138.63,"Felicia.Miley@duke.edu",118.63,1,"131137646",""
263,1446295485,"excellent",1,1,126.29,"Doug.Atwater@duke.edu",106.29,1,"131146246",""
264,1446393915,"excellent",1,1,80.84,"Maida.Laursen@duke.edu",60.84,1,"131148656",""
265,1446385523,"excellent",1,1,145.64,"Nadine.Holtzen@duke.edu",125.64,1,"131150863",""
266,1446428622,"excellent",1,1,60.91,"Vennie.Barnwell@duke.edu",40.91,1,"131176862",""
267,1446259851,"excellent",1,1,57.12,"Ramonita.Lyke@duke.edu",37.12,1,"131181114",""
268,1446319761,"excellent",1,1,141.72,"Rhea.Beech@duke.edu",121.72,1,"131190768",""
269,1446306681,"excellent",1,1,136.33,"Leana.Gassett@duke.edu",116.33,1,"131190873",""
270,1446412680,"excellent",1,1,97.56,"Xavier.Stiner@duke.edu",77.56,1,"131216333",""
271,1446209415,"excellent",1,1,167.21,"Ruben.Liedtke@duke.edu",147.21,1,"131402080",""
272,1446549327,"excellent",1,1,121.14,"Aida.Silverberg@duke.edu",101.14,1,"131404121",""
273,1446352847,"excellent",1,1,44.14,"Rachal.Doty@duke.edu",24.14,1,"131409417",""
274,1446403589,"excellent",1,1,156.19,"Cristie.Bello@duke.edu",136.19,1,"131409700",""
275,1446498588,"excellent",1,1,129.26,"Ozell.Gillison@duke.edu",109.26,1,"131424629",""
276,1446444102,"excellent",1,1,61.54,"Velia.Ketron@duke.edu",41.54,1,"131424718",""
277,1446301178,"excellent",1,1,120.29,"Gerard.Claeys@duke.edu",100.29,1,"131427067",""
278,1446382625,"excellent",1,1,77.54,"Leisha.Tullis@duke.edu",57.54,1,"131430211",""
279,1446430304,"excellent",1,1,144.51,"Jodee.Pichette@duke.edu",124.51,1,"131432613",""
280,1446288162,"excellent",1,1,117.45,"Tu.Pastor@duke.edu",97.45,1,"131432753",""
281,1446336313,"excellent",1,1,135.78,"Amada.Persaud@duke.edu",115.78,1,"131433512",""
282,1446514737,"excellent",1,1,163.42,"Emil.Jeffries@duke.edu",143.42,1,"131433725",""
283,1446328532,"excellent",1,1,60.9,"Marylyn.Petrovich@duke.edu",40.9,1,"131435825",""
284,1446361815,"excellent",1,1,99.68,"Valentine.Mckern@duke.edu",79.68,1,"131437453",""
285,1446376555,"excellent",1,1,108.66,"Martina.Moodie@duke.edu",88.66,1,"131439944",""
286,1446306023,"excellent",1,1,91.22,"Jerry.Latz@duke.edu",71.22,1,"131440977",""
287,1446409800,"excellent",1,1,121,"Landon.Getman@duke.edu",101,1,"131442007",""
288,1446364823,"excellent",1,1,48.11,"Lezlie.Larocque@duke.edu",28.11,1,"131442341",""
289,1446343085,"excellent",1,1,62.13,"Vennie.Rutland@duke.edu",42.13,1,"131443291",""
290,1446289993,"excellent",1,1,153.76,"Winston.Abbott@duke.edu",133.76,1,"131444476",""
291,1446339555,"excellent",1,1,63.58,"Dannielle.Eacret@duke.edu",43.58,1,"131445650",""
292,1446360266,"excellent",1,1,154.11,"Barbra.Stiles@duke.edu",134.11,1,"131445715",""
293,1446395328,"excellent",1,1,100.99,"Cira.Harpe@duke.edu",80.99,1,"131446797",""
294,1446486357,"excellent",1,1,147.4,"Sheree.La@duke.edu",127.4,1,"131447165",""
295,1446493080,"excellent",1,1,162.04,"Elton.Polo@duke.edu",142.04,1,"131449680",""
296,1446515550,"excellent",1,1,47.44,"Harriette.Swafford@duke.edu",27.44,1,"131450654",""
297,1446384005,"excellent",1,1,98.91,"Jermaine.Penhollow@duke.edu",78.91,1,"131450913",""
298,1446406348,"excellent",1,1,154.6,"Florida.Pintor@duke.edu",134.6,1,"131453068",""
299,1446493396,"excellent",1,1,62.24,"Cara.Baham@duke.edu",42.24,1,"131453343",""
300,1446332678,"excellent",1,1,153.04,"Nettie.Arata@duke.edu",133.04,1,"013145353X",""
301,1446179319,"excellent",1,1,136.78,"Serita.Robnett@duke.edu",116.78,1,"131454242",""
302,1446408025,"excellent",1,1,75.08,"Guillermina.Guthridge@duke.edu",55.08,1,"131454439",""
303,1446385836,"excellent",1,1,41.92,"Cleveland.Holiday@duke.edu",21.92,1,"131454617",""
304,1446437243,"excellent",1,1,118.68,"Walker.Ekberg@duke.edu",98.68,1,"131454870",""
305,1446407330,"excellent",1,1,71.09,"Shonda.Bohannon@duke.edu",51.09,1,"131457330",""
306,1446368478,"excellent",1,1,169.26,"Azalee.Coaxum@duke.edu",149.26,1,"131457578",""
307,1446577711,"excellent",1,1,134.88,"Dalton.Ruoff@duke.edu",114.88,1,"131463241",""
308,1446331773,"excellent",1,1,95.44,"Palmira.Kircher@duke.edu",75.44,1,"131464132",""
309,1446417008,"excellent",1,1,118.03,"Jack.Valencia@duke.edu",98.03,1,"131465600",""
310,1446365438,"excellent",1,1,55.32,"Jodie.Pedroza@duke.edu",35.32,1,"131465929",""
311,1446350450,"excellent",1,1,84.51,"Mae.Kerby@duke.edu",64.51,1,"131469185",""
312,1446366363,"excellent",1,1,103.79,"Ilse.Jacinto@duke.edu",83.79,1,"131469193",""
313,1446284166,"excellent",1,1,59.52,"Marisela.Oxford@duke.edu",39.52,1,"131469568",""
314,1446348550,"excellent",1,1,95.22,"Hyo.Goldblatt@duke.edu",75.22,1,"131469843",""
315,1446278716,"excellent",1,1,47.69,"Meg.Deines@duke.edu",27.69,1,"131470469",""
316,1446543541,"excellent",1,1,105.19,"Issac.Simek@duke.edu",85.19,1,"131470892",""
317,1446370738,"excellent",1,1,88.99,"Santana.Petterson@duke.edu",68.99,1,"131471988",""
318,1446313234,"excellent",1,1,88.8,"Natalia.Bartlett@duke.edu",68.8,1,"131475916",""
319,1446188514,"excellent",1,1,101.58,"Ericka.Chatmon@duke.edu",81.58,1,"131477323",""
320,1446581483,"excellent",1,1,155.44,"Shanna.Haley@duke.edu",135.44,1,"131478451",""
321,1446461935,"excellent",1,1,113.89,"Miguelina.Recker@duke.edu",93.89,1,"131479547",""
322,1446324293,"excellent",1,1,145.69,"Marina.Amore@duke.edu",125.69,1,"131479725",""
323,1446448880,"excellent",1,1,80.84,"Sharri.Berryhill@duke.edu",60.84,1,"131481908","For COMPSCI571"
324,1446232443,"excellent",1,1,52.18,"Angella.Navarrete@duke.edu",32.18,1,"131483161",""
325,1446513567,"excellent",1,1,49.06,"Douglas.Mann@duke.edu",29.06,1,"131483986",""
326,1446359081,"excellent",1,1,51.38,"Catharine.Moreno@duke.edu",31.38,1,"131485199",""
327,1446389281,"excellent",1,1,95.27,"Rodolfo.Dove@duke.edu",75.27,1,"131485210",""
328,1446472455,"excellent",1,1,134.38,"Ellan.Dorado@duke.edu",114.38,1,"131486497",""
329,1446401660,"excellent",1,1,82.58,"Tyisha.Schulenberg@duke.edu",62.58,1,"131487361",""
330,1446520529,"excellent",1,1,155.71,"Deana.Radigan@duke.edu",135.71,1,"131489658",""
331,1446521302,"excellent",1,1,113.96,"Dominick.Laplante@duke.edu",93.96,1,"131491784",""
332,1446283306,"excellent",1,1,136.23,"Lorette.Bleich@duke.edu",116.23,1,"131494597",""
333,1446345679,"excellent",1,1,44.95,"Felicia.Devos@duke.edu",24.95,1,"131494708",""
334,1446329800,"excellent",1,1,114.29,"Winifred.Zuckerman@duke.edu",94.29,1,"131494848",""
335,1446227125,"excellent",1,1,60.95,"Hue.Dahms@duke.edu",40.95,1,"131495380",""
336,1446340721,"excellent",1,1,121.74,"Juan.Milici@duke.edu",101.74,1,"131495798",""
337,1446376906,"excellent",1,1,133.16,"Libbie.Waldron@duke.edu",113.16,1,"013149726X",""
338,1446292475,"excellent",1,1,50.84,"Michele.Maharaj@duke.edu",30.84,1,"131497456",""
339,1446384255,"excellent",1,1,159.36,"Neomi.Torgrimson@duke.edu",139.36,1,"131497499",""
340,1446340271,"excellent",1,1,78.55,"Walker.Manalo@duke.edu",58.55,1,"131497510",""
341,1446303102,"excellent",1,1,108.97,"Kathryn.Hamernik@duke.edu",88.97,1,"131497553",""
342,1446279060,"excellent",1,1,51.47,"Magnolia.Cheney@duke.edu",31.47,1,"131499084",""
343,1446509936,"excellent",1,1,128.56,"Roxane.Pleasant@duke.edu",108.56,1,"131499300",""
344,1446467376,"excellent",1,1,42.2,"Marcell.Romeo@duke.edu",22.2,1,"131499459",""
345,1446379988,"excellent",1,1,46.38,"Lessie.Hagaman@duke.edu",26.38,1,"131534351",""
346,1446490874,"excellent",1,1,99.52,"Stephanie.Pizano@duke.edu",79.52,1,"131538411",""
347,1446372838,"excellent",1,1,56.18,"Macy.Clow@duke.edu",36.18,1,"131542745",""
348,1446377588,"excellent",1,1,85.5,"Dulce.Stlawrence@duke.edu",65.5,1,"131547143",""
349,1446246893,"excellent",1,1,96.51,"Ashleigh.Deering@duke.edu",76.51,1,"131548654",""
350,1446330008,"excellent",1,1,129.17,"Antoine.Kimbro@duke.edu",109.17,1,"013155445X",""
351,1446553347,"excellent",1,1,148.64,"Diedre.Lefever@duke.edu",128.64,1,"131602586",""
352,1446423817,"excellent",1,1,156.17,"Rosanna.Dagostino@duke.edu",136.17,1,"131672673",""
353,1446278551,"excellent",1,1,68.15,"Alona.Ardito@duke.edu",48.15,1,"131676865",""
354,1446388167,"excellent",1,1,102.38,"Karey.Sewell@duke.edu",82.38,1,"131678310",""
355,1446403582,"excellent",1,1,131.63,"Georgette.James@duke.edu",111.63,1,"131679813",""
356,1446399123,"excellent",1,1,145.18,"Waneta.Beall@duke.edu",125.18,1,"131697390",""
357,1446389607,"excellent",1,1,78.47,"Phylis.Shanahan@duke.edu",58.47,1,"013169944X",""
358,1446344917,"excellent",1,1,102.24,"Camille.Bodin@duke.edu",82.24,1,"131699571",""
359,1446267342,"excellent",1,1,80.1,"Ettie.Sommer@duke.edu",60.1,1,"131708694",""
360,1446265526,"Fair",1,1,137.88,"Liberty.Wasser@duke.edu",117.88,1,"131730428",""
361,1446549986,"Fair",1,1,100.39,"Nikki.Jumper@duke.edu",80.39,1,"131733494",""
362,1446289962,"Fair",1,1,68.34,"Christinia.Nordstrom@duke.edu",48.34,1,"131786865",""
363,1446519418,"Fair",1,1,47.03,"Kenia.Traynor@duke.edu",27.03,1,"131816292",""
364,1446497586,"Fair",1,1,77.87,"Sanora.Bulter@duke.edu",57.87,1,"131837362",""
365,1446338080,"Fair",1,1,109.99,"Nelida.Guarino@duke.edu",89.99,1,"013184069X",""
366,1446312623,"Fair",1,1,140.03,"Sari.Trafton@duke.edu",120.03,1,"131851225",""
367,1446265519,"Fair",1,1,79.17,"Kristyn.Huffine@duke.edu",59.17,1,"131854615",""
368,1446343000,"Fair",1,1,87.22,"Gianna.Furlow@duke.edu",67.22,1,"131854712",""
369,1446359505,"Fair",1,1,142.1,"Jasmin.Adkisson@duke.edu",122.1,1,"131856057",""
370,1446369568,"Fair",1,1,146.78,"Amada.Edenfield@duke.edu",126.78,1,"131856405",""
371,1446335589,"Fair",1,1,40.85,"Dylan.Classen@duke.edu",20.85,1,"131856626",""
372,1446410577,"Fair",1,1,79.43,"Julietta.Shaughnessy@duke.edu",59.43,1,"131857029",""
373,1446362528,"Fair",1,1,144.23,"Giselle.Amorim@duke.edu",124.23,1,"013185755X",""
374,1446256076,"Fair",1,1,42.44,"Sage.Lorenzana@duke.edu",22.44,1,"131857576",""
375,1446442165,"Fair",1,1,103.63,"Ailene.Grice@duke.edu",83.63,1,"131857851",""
376,1446314162,"Fair",1,1,110.94,"Nathanael.Richarson@duke.edu",90.94,1,"131860151",""
377,1446386746,"Fair",1,1,94.59,"Laticia.Wilker@duke.edu",74.59,1,"131860267",""
378,1446424666,"Fair",1,1,99.53,"Roseanne.Rocca@duke.edu",79.53,1,"131862391",""
379,1446251128,"Fair",1,1,52.77,"Lakesha.Axel@duke.edu",32.77,1,"131866222",""
380,1446318650,"Fair",1,1,53.15,"Gerry.Pappan@duke.edu",33.15,1,"131867121",""
381,1446267300,"Fair",1,1,68.08,"Howard.Forshee@duke.edu",48.08,1,"131867938",""
382,1446483605,"Fair",1,1,78.17,"Irving.Canales@duke.edu",58.17,1,"131868772",""
383,1446328648,"Fair",1,1,114.44,"Chae.Deshong@duke.edu",94.44,1,"131869426",""
384,1446366096,"Fair",1,1,58.48,"Sophia.Corprew@duke.edu",38.48,1,"131870165",""
385,1446453644,"Fair",1,1,139.21,"Iesha.Book@duke.edu",119.21,1,"131870769",""
386,1446367853,"Fair",1,1,150.89,"Glayds.Steger@duke.edu",130.89,1,"131873644",""
387,1446266033,"Fair",1,1,168.6,"Delorse.Kroh@duke.edu",148.6,1,"131873741",""
388,1446421996,"Fair",1,1,141.62,"Fae.Gladwin@duke.edu",121.62,1,"131878824",""
389,1446528691,"Fair",1,1,139.56,"Renata.Hermes@duke.edu",119.56,1,"131888099",""
390,1446386344,"Fair",1,1,124.55,"Robena.Hiett@duke.edu",104.55,1,"131891022",""
391,1446298768,"Fair",1,1,169.14,"Sharita.Straughan@duke.edu",149.14,1,"131892622",""
392,1446518471,"Fair",1,1,168.92,"Jodee.Mangino@duke.edu",148.92,1,"013191345X",""
393,1446456084,"Fair",1,1,67.04,"Hortensia.Prichett@duke.edu",47.04,1,"131918222",""
394,1446400722,"Fair",1,1,44.96,"Tressa.Ursery@duke.edu",24.96,1,"131918338",""
395,1446284801,"Fair",1,1,130.77,"Tianna.Kinnaird@duke.edu",110.77,1,"131919636",""
396,1446474943,"Fair",1,1,74.44,"Maximina.Pauli@duke.edu",54.44,1,"131922440",""
397,1446312258,"Fair",1,1,44.95,"Dollie.Wetmore@duke.edu",24.95,1,"131925385",""
398,1446478466,"Fair",1,1,41.4,"Valentina.Mcdermott@duke.edu",21.4,1,"131930079",""
399,1446245168,"Fair",1,1,154.79,"Anissa.Durrell@duke.edu",134.79,1,"131930818",""
400,1446356432,"Fair",1,1,93.43,"Youlanda.Vachon@duke.edu",73.43,1,"131931989",""
401,1446351039,"Fair",1,1,153.62,"Eddy.Pizano@duke.edu",133.62,1,"131931997",""
402,1446308905,"Fair",1,1,147.82,"Shameka.Breedlove@duke.edu",127.82,1,"131933159",""
403,1446311691,"Fair",1,1,132.41,"Shay.Soldner@duke.edu",112.41,1,"131950851",""
404,1446446603,"Fair",1,1,128.3,"Frederick.Irick@duke.edu",108.3,1,"131963163",""
405,1446265496,"Fair",1,1,126.04,"Libbie.Budd@duke.edu",106.04,1,"132184745",""
406,1446404197,"Fair",1,1,41.86,"Lorena.Hoy@duke.edu",21.86,1,"132186942",""
407,1446300126,"Fair",1,1,76.51,"Lashon.Schoepp@duke.edu",56.51,1,"132187469",""
408,1446197898,"Fair",1,1,153.45,"Joleen.Reinbold@duke.edu",133.45,1,"132192268",""
409,1446465896,"Fair",1,1,120.6,"Malcom.Santerre@duke.edu",100.6,1,"132203847",""
410,1446412502,"Fair",1,1,97.07,"Effie.Berryhill@duke.edu",77.07,1,"132277816",""
411,1446434894,"Fair",1,1,128.73,"Jovan.Shawn@duke.edu",108.73,1,"132431564",""
412,1446391996,"Fair",1,1,71.1,"Katherina.Dock@duke.edu",51.1,1,"133214311",""
413,1446203638,"Fair",1,1,138.39,"Louis.Luttrell@duke.edu",118.39,1,"135265266",""
414,1446476932,"Fair",1,1,121.9,"Ophelia.Fackler@duke.edu",101.9,1,"135763800",""
415,1446337551,"Fair",1,1,75.18,"Krystin.Tuller@duke.edu",55.18,1,"013651068X",""
416,1446432282,"Fair",1,1,115.72,"Jalisa.Guerrero@duke.edu",95.72,1,"013726142X",""
417,1446413273,"Fair",1,1,155.33,"Diann.Peer@duke.edu",135.33,1,"137549202",""
418,1446562169,"Fair",1,1,65.13,"Tamiko.Eggert@duke.edu",45.13,1,"137903952",""
419,1446265040,"Fair",1,1,62.86,"Kanesha.Duell@duke.edu",42.86,1,"013805326X",""
420,1446289829,"Fair",1,1,78.61,"Kum.Berke@duke.edu",58.61,1,"138147574",""
421,1446518374,"Fair",1,1,165.52,"Ethyl.Dirks@duke.edu",145.52,1,"139078746",""
422,1446280613,"Fair",1,1,71.52,"Olevia.Hiney@duke.edu",51.52,1,"195073401",""
423,1446561107,"Fair",1,1,136.12,"Mireya.Angel@duke.edu",116.12,1,"195108094",""
424,1446386677,"Fair",1,1,110.09,"Ramona.Maffei@duke.edu",90.09,1,"195110099",""
425,1446374647,"Fair",1,1,112.4,"Contessa.Colangelo@duke.edu",92.4,1,"195116445",""
426,1446292182,"Fair",1,1,158.2,"Hilde.Zamarripa@duke.edu",138.2,1,"195136055",""
427,1446350507,"Fair",1,1,74.3,"Luvenia.Digman@duke.edu",54.3,1,"195142519",""
428,1446290212,"Fair",1,1,52.04,"Deb.Leatherwood@duke.edu",32.04,1,"195158334",""
429,1446312948,"Fair",1,1,78.05,"Winona.Owusu@duke.edu",58.05,1,"201128195",""
430,1446451623,"Fair",1,1,126.67,"Janiece.Viera@duke.edu",106.67,1,"201146592",""
431,1446460786,"Fair",1,1,99.06,"Hermine.Mcgilvery@duke.edu",79.06,1,"201180758",""
432,1446423909,"Fair",1,1,133.25,"Milton.Shears@duke.edu",113.25,1,"201543931",""
433,1446521591,"Fair",1,1,89.07,"Rikki.Lawerence@duke.edu",69.07,1,"201763907",""
434,1446415843,"Fair",1,1,53.94,"Shanelle.Dunson@duke.edu",33.94,1,"201770253",""
435,1446300583,"Fair",1,1,160.15,"Ricky.Bartos@duke.edu",140.15,1,"201771314",""
436,1446458183,"Fair",1,1,50.38,"Minda.Banister@duke.edu",30.38,1,"205376061",""
437,1446241948,"Fair",1,1,94.28,"Oliver.Gebo@duke.edu",74.28,1,"205426514",""
438,1446533153,"Fair",1,1,137.12,"Garfield.Crossett@duke.edu",117.12,1,"205439675",""
439,1446507529,"Fair",1,1,147.57,"Filomena.Younger@duke.edu",127.57,1,"020544444X",""
440,1446462587,"Fair",1,1,150.02,"Ivette.Gorden@duke.edu",130.02,1,"205449131",""
441,1446444575,"Fair",1,1,89.46,"Claretta.Orona@duke.edu",69.46,1,"205449441",""
442,1446466379,"Fair",1,1,115.93,"Michaele.Mineo@duke.edu",95.93,1,"205457959",""
443,1446334515,"Fair",1,1,119.81,"Jeneva.Vanderpool@duke.edu",99.81,1,"205459382",""
444,1446426837,"Fair",1,1,161.33,"Gertrude.Michie@duke.edu",141.33,1,"205473059",""
445,1446242300,"Fair",1,1,77.74,"Antonetta.Mccain@duke.edu",57.74,1,"205477534",""
446,1446479277,"Fair",1,1,124.1,"Angelica.Coney@duke.edu",104.1,1,"205478093",""
447,1446366074,"Fair",1,1,113.17,"Tam.Lawler@duke.edu",93.17,1,"205483925",""
448,1446429188,"Fair",1,1,111.74,"Cristen.Faulcon@duke.edu",91.74,1,"256136874",""
449,1446265863,"Fair",1,1,86.82,"Chloe.Jeanpierre@duke.edu",66.82,1,"256247951",""
450,1446417372,"Fair",1,1,46.18,"Ebonie.Tuohy@duke.edu",26.18,1,"262032937",""
451,1446208413,"Fair",1,1,142.78,"Lawrence.Scarborough@duke.edu",122.78,1,"312406843",""
452,1446443129,"Fair",1,1,143.54,"Naomi.Dyke@duke.edu",123.54,1,"312406851",""
453,1446411456,"Fair",1,1,95.97,"Allyson.Sgro@duke.edu",75.97,1,"312407246",""
454,1446443696,"Fair",1,1,108.09,"Meredith.Vanguilder@duke.edu",88.09,1,"312412622",""
455,1446386446,"Fair",1,1,133.57,"Shelby.Domino@duke.edu",113.57,1,"312419333",""
456,1446368740,"Fair",1,1,83.85,"Reatha.Byrom@duke.edu",63.85,1,"312434456",""
457,1446292135,"Fair",1,1,41.87,"Tomi.Neeld@duke.edu",21.87,1,"321149017",""
458,1446416254,"Fair",1,1,161.11,"Virginia.Lizaola@duke.edu",141.11,1,"321159349",""
459,1446443224,"Fair",1,1,124.67,"Cortez.Barfoot@duke.edu",104.67,1,"321162080",""
460,1446339646,"Fair",1,1,133.19,"Jacelyn.Gautier@duke.edu",113.19,1,"321166396",""
461,1446352500,"Fair",1,1,42.21,"Bill.Dortch@duke.edu",22.21,1,"321185587",""
462,1446430563,"Fair",1,1,60.72,"Homer.Gano@duke.edu",40.72,1,"032119800X",""
463,1446480255,"Fair",1,1,138.89,"Stephanie.Lauro@duke.edu",118.89,1,"321227352",""
464,1446446790,"Fair",1,1,111.81,"Denyse.Rochell@duke.edu",91.81,1,"321227573",""
465,1446387581,"Fair",1,1,131.3,"Margie.Gandy@duke.edu",111.3,1,"321228170",""
466,1446414793,"Fair",1,1,78.38,"Mimi.Maynard@duke.edu",58.38,1,"321236858",""
467,1446548818,"Fair",1,1,115.63,"Benedict.Luong@duke.edu",95.63,1,"321236874",""
468,1446468445,"Fair",1,1,98.29,"Lee.Branstetter@duke.edu",78.29,1,"321267613",""
469,1446435844,"Fair",1,1,50.19,"Lakendra.Featherston@duke.edu",30.19,1,"321270762",""
470,1446329171,"Fair",1,1,156.72,"Bernardina.Wasko@duke.edu",136.72,1,"321278801",""
471,1446435348,"Fair",1,1,159.78,"Suk.Mcclaine@duke.edu",139.78,1,"321278844",""
472,1446302988,"Fair",1,1,131.51,"Joaquin.Rother@duke.edu",111.51,1,"321280296",""
473,1446564445,"Fair",1,1,131.91,"Mayra.Mullenax@duke.edu",111.91,1,"032128030X",""
474,1446269487,"Fair",1,1,122.74,"Elaine.Valenza@duke.edu",102.74,1,"321287134",""
475,1446478468,"Fair",1,1,134.94,"Carlyn.Lesko@duke.edu",114.94,1,"321293835",""
476,1446463599,"Fair",1,1,168.03,"Janeth.Rufener@duke.edu",148.03,1,"321295358",""
477,1446437216,"Fair",1,1,64.97,"Carma.Mccarroll@duke.edu",44.97,1,"321305035",""
478,1446450912,"Fair",1,1,89.59,"Blake.Fenner@duke.edu",69.59,1,"321305043",""
479,1446500256,"Fair",1,1,111.72,"Edmund.Mounce@duke.edu",91.72,1,"321322134",""
480,1446441735,"Fair",1,1,81.07,"Valeria.Ledoux@duke.edu",61.07,1,"321330234",""
481,1446369956,"Fair",1,1,65.23,"Felicidad.Riedel@duke.edu",45.23,1,"321330250",""
482,1446329624,"Fair",1,1,65.98,"Bette.Deherrera@duke.edu",45.98,1,"321357965",""
483,1446466097,"Fair",1,1,159.66,"Arlette.Jacoby@duke.edu",139.66,1,"321369572",""
484,1446427399,"Fair",1,1,75.36,"Ines.Cormier@duke.edu",55.36,1,"321389514",""
485,1446429814,"Fair",1,1,49.54,"Margart.Haydon@duke.edu",29.54,1,"321409493",""
486,1446269870,"Fair",1,1,105.85,"Louisa.Emrick@duke.edu",85.85,1,"323018874",""
487,1446392736,"Fair",1,1,156.45,"Markita.Falgoust@duke.edu",136.45,1,"323024491",""
488,1446475570,"Fair",1,1,99.62,"Meagan.Hathaway@duke.edu",79.62,1,"323025862",""
489,1446333528,"Fair",1,1,106.83,"Adela.Schartz@duke.edu",86.83,1,"323025935",""
490,1446528223,"Fair",1,1,101.75,"Eliana.Cordeiro@duke.edu",81.75,1,"324007515",""
491,1446471154,"Fair",1,1,165.32,"Carlie.Bland@duke.edu",145.32,1,"324066856",""
492,1446481790,"Fair",1,1,130.49,"Cinthia.Lindahl@duke.edu",110.49,1,"324171889",""
493,1446328009,"Fair",1,1,160.41,"Kasi.Sulton@duke.edu",140.41,1,"324174616",""
494,1446473957,"Fair",1,1,61.69,"Annika.Mayberry@duke.edu",41.69,1,"324188005",""
495,1446357454,"Fair",1,1,136.85,"Julieta.Wesson@duke.edu",116.85,1,"324200145",""
496,1446408525,"Fair",1,1,144.55,"Helaine.Cleaves@duke.edu",124.55,1,"324201605",""
497,1446362010,"Fair",1,1,115.73,"David.Pippins@duke.edu",95.73,1,"324202237",""
498,1446462974,"Fair",1,1,122.29,"Rubin.Miltenberger@duke.edu",102.29,1,"032420485X",""
499,1446323564,"Fair",1,1,106.83,"Violeta.Cerulli@duke.edu",86.83,1,"324204884",""
500,1446311638,"Fair",1,1,148.01,"Lupe.Flansburg@duke.edu",128.01,1,"324205643",""
501,1446463918,"Fair",1,1,91.06,"Rubin.Miltenberger@duke.edu",71.06,1,"324221134",""
502,1446240413,"Fair",1,1,162.86,"Julieta.Wesson@duke.edu",142.86,1,"032422155X",""
503,1446222479,"Fair",1,1,113.93,"Kasi.Sulton@duke.edu",93.93,1,"324223048",""
504,1446455302,"Fair",1,1,69.48,"Cinthia.Lindahl@duke.edu",49.48,1,"324223102",""
505,1446368893,"Fair",1,1,48.83,"Eliana.Cordeiro@duke.edu",28.83,1,"324224702",""
506,1446467162,"Fair",1,1,162.59,"Migdalia.Sprvill@duke.edu",142.59,1,"324225814",""
507,1446209111,"Fair",1,1,115.68,"Meagan.Hathaway@duke.edu",95.68,1,"324226128",""
508,1446426298,"Fair",1,1,111.57,"Louisa.Emrick@duke.edu",91.57,1,"324226292",""
509,1446557193,"Fair",1,1,133.2,"Amie.Cheesman@duke.edu",113.2,1,"324233108",""
510,1446484936,"Fair",1,1,54.61,"Arlette.Jacoby@duke.edu",34.61,1,"324233434",""
511,1446558905,"Fair",1,1,81.13,"Felicidad.Riedel@duke.edu",61.13,1,"324235011",""
512,1446322568,"Fair",1,1,49.74,"Ethan.Southwood@duke.edu",29.74,1,"032423662X",""
513,1446202972,"Fair",1,0,0,"Edmund.Mounce@duke.edu",89.7,1,"324236700",""
514,1446543027,"Fair",1,0,0,"Blake.Fenner@duke.edu",28.67,1,"324236735",""
515,1446273000,"Fair",1,0,0,"Carlyn.Lesko@duke.edu",78.34,1,"324258755",""
516,1446420736,"Fair",1,0,0,"Mayra.Mullenax@duke.edu",129.09,1,"324259131",""
517,1446349725,"Fair",1,0,0,"Suk.Mcclaine@duke.edu",102.58,1,"324259689",""
518,1446472289,"Fair",1,0,0,"Bernardina.Wasko@duke.edu",148.04,1,"324259913",""
519,1446406112,"Fair",1,0,0,"Lee.Branstetter@duke.edu",70.49,1,"324260601",""
520,1446415698,"Fair",1,0,0,"Mimi.Maynard@duke.edu",28.69,1,"324260768",""
521,1446355608,"Fair",1,0,0,"Denyse.Rochell@duke.edu",33.13,1,"324261276",""
522,1446546991,"Fair",1,0,0,"Bill.Dortch@duke.edu",35.37,1,"324270860",""
523,1446411619,"Fair",1,0,0,"Jacelyn.Gautier@duke.edu",85,1,"324288417",""
524,1446349005,"Fair",1,0,0,"Virginia.Lizaola@duke.edu",35.6,1,"032428845X",""
525,1446334639,"Fair",1,0,0,"Reatha.Byrom@duke.edu",55.85,1,"324288522",""
526,1446469703,"Fair",1,0,0,"Allyson.Sgro@duke.edu",130.21,1,"324288603",""
527,1446296620,"Fair",1,0,0,"Lawrence.Scarborough@duke.edu",123.5,1,"032428893X",""
528,1446475232,"Fair",1,0,0,"Ebonie.Tuohy@duke.edu",45.88,1,"324289030",""
529,1446347865,"Fair",1,0,0,"Cristen.Faulcon@duke.edu",44.81,1,"324289081",""
530,1446396001,"Fair",1,0,0,"Shira.Shumake@duke.edu",146.37,1,"324289235",""
531,1446322972,"Fair",1,0,0,"Evangeline.Gokey@duke.edu",103.85,1,"324289278",""
532,1446235984,"Fair",1,0,0,"Angelica.Coney@duke.edu",64.9,1,"324289561",""
533,1446469644,"Fair",1,0,0,"Jeneva.Vanderpool@duke.edu",82.11,1,"324289588",""
534,1446275304,"Fair",1,0,0,"Claretta.Orona@duke.edu",99.49,1,"324289782",""
535,1446288952,"Fair",1,0,0,"Filomena.Younger@duke.edu",84.44,1,"032428991X",""
536,1446343159,"Fair",1,0,0,"Garfield.Crossett@duke.edu",109.92,1,"032430160X",""
537,1446182872,"Fair",1,0,0,"Sabine.Sowa@duke.edu",126.18,1,"324302592",""
538,1446353907,"Fair",1,0,0,"Ricky.Bartos@duke.edu",73.86,1,"324303904",""
539,1446391800,"Fair",1,0,0,"Rikki.Lawerence@duke.edu",72.7,1,"324314639",""
540,1446355538,"Fair",1,0,0,"Hermine.Mcgilvery@duke.edu",50.37,1,"324316240",""
541,1446416357,"Fair",1,0,0,"Janiece.Viera@duke.edu",146.71,1,"324316593",""
542,1446402922,"Fair",1,0,0,"Deb.Leatherwood@duke.edu",140.39,1,"324316941",""
543,1446385366,"Fair",1,0,0,"Contessa.Colangelo@duke.edu",52.6,1,"324317980",""
544,1446532193,"Fair",1,0,0,"Ramona.Maffei@duke.edu",29.37,1,"324319789",""
545,1446531504,"Fair",1,0,0,"Olevia.Hiney@duke.edu",21.03,1,"324319835",""
546,1446406171,"Fair",1,0,0,"Kanesha.Duell@duke.edu",149.42,1,"324320892",""
547,1446390512,"Fair",1,0,0,"Tamiko.Eggert@duke.edu",95.56,1,"324321430",""
548,1446370607,"Fair",1,0,0,"Jalisa.Guerrero@duke.edu",149.37,1,"324323638",""
549,1446323798,"Fair",1,0,0,"Ophelia.Fackler@duke.edu",143.19,1,"324376332",""
550,1446333232,"Fair",1,0,0,"Jovan.Shawn@duke.edu",52.23,1,"324400829",""
551,1446453874,"Fair",0,1,97.45,"Effie.Berryhill@duke.edu",0,1,"324405421",""
552,1446389095,"Fair",0,1,124.11,"Joleen.Reinbold@duke.edu",0,1,"393924092",""
553,1446421096,"Fair",0,1,29.11,"Libbie.Budd@duke.edu",0,1,"393924963",""
554,1446428477,"Fair",0,1,54.49,"Frederick.Irick@duke.edu",0,1,"393925536",""
555,1446456178,"Fair",0,1,86.87,"Eddy.Pizano@duke.edu",0,1,"393927024",""
556,1446290150,"Fair",0,1,70.51,"Anissa.Durrell@duke.edu",0,1,"393970833",""
557,1446300971,"Fair",0,1,31.89,"Dollie.Wetmore@duke.edu",0,1,"393975150",""
558,1446534267,"Fair",0,1,88.26,"Maximina.Pauli@duke.edu",0,1,"393977765",""
559,1446439282,"Fair",0,1,71.43,"Hortensia.Prichett@duke.edu",0,1,"393978796",""
560,1446524862,"Fair",0,1,113.42,"Sharita.Straughan@duke.edu",0,1,"393979059",""
561,1446403848,"Fair",0,1,21.92,"Renata.Hermes@duke.edu",0,1,"393979962",""
562,1446494320,"Fair",0,1,94.43,"Fae.Gladwin@duke.edu",0,1,"395977274",""
563,1446425554,"Fair",0,1,99.04,"Iesha.Book@duke.edu",0,1,"443100349",""
564,1446454943,"Fair",0,1,118.71,"Chae.Deshong@duke.edu",0,1,"471000779",""
565,1446464087,"Fair",0,1,93.62,"Howard.Forshee@duke.edu",0,1,"471120626",""
566,1446381299,"Fair",0,1,110.24,"Lakesha.Axel@duke.edu",0,1,"471134767",""
567,1446322347,"Fair",0,1,102.21,"Roseanne.Rocca@duke.edu",0,1,"471144487",""
568,1446288075,"Fair",0,1,115.11,"Ailene.Grice@duke.edu",0,1,"471152323",""
569,1446245107,"Fair",0,1,31.54,"Sage.Lorenzana@duke.edu",0,1,"471153680",""
570,1446339351,"Fair",0,1,40.67,"Dylan.Classen@duke.edu",0,1,"471198269",""
571,1446399235,"Fair",0,1,61.36,"Jasmin.Adkisson@duke.edu",0,1,"471202312",""
572,1446470213,"Fair",0,1,113.3,"Kristyn.Huffine@duke.edu",0,1,"047123009X",""
573,1446477102,"Fair",0,1,130.89,"Nelida.Guarino@duke.edu",0,1,"471232319",""
574,1446320001,"Fair",0,1,115.31,"Kenia.Traynor@duke.edu",0,1,"471272140",""
575,1446425620,"Fair",0,1,79.29,"Christinia.Nordstrom@duke.edu",0,1,"471274712",""
576,1446567394,"Fair",0,1,116.3,"Liberty.Wasser@duke.edu",0,1,"471321680",""
577,1446488467,"Fair",0,1,31.27,"Nicolas.Bolduc@duke.edu",0,1,"471348066",""
578,1446520386,"Fair",0,1,29.72,"Bertram.Lafond@duke.edu",0,1,"471393622",""
579,1446360763,"Fair",0,1,142.38,"Camille.Bodin@duke.edu",0,1,"471410772",""
580,1446335014,"Fair",0,1,31.78,"Georgette.James@duke.edu",0,1,"471413895",""
581,1446344421,"Fair",0,1,136.03,"Karey.Sewell@duke.edu",0,1,"047141526X",""
582,1446376569,"Fair",0,1,73.06,"Rosanna.Dagostino@duke.edu",0,1,"471417998",""
583,1446443683,"Fair",0,1,143.28,"Ashleigh.Deering@duke.edu",0,1,"471420840",""
584,1446321137,"Fair",0,1,27.88,"Macy.Clow@duke.edu",0,1,"471433373",""
585,1446449361,"Fair",0,1,76.48,"Stephanie.Pizano@duke.edu",0,1,"471433381",""
586,1446303082,"Fair",0,1,111.04,"Tena.Goosby@duke.edu",0,1,"047143339X",""
587,1446348421,"Fair",0,1,26.73,"Roxane.Pleasant@duke.edu",0,1,"471445770",""
588,1446194407,"Fair",0,1,140.87,"Kathryn.Hamernik@duke.edu",0,1,"471445932",""
589,1446295934,"Fair",0,1,115.56,"Doretta.Westergard@duke.edu",0,1,"471450073",""
590,1446194593,"Fair",0,1,84.59,"Walker.Manalo@duke.edu",0,1,"471465801",""
591,1446376620,"Fair",0,1,53.51,"Michele.Maharaj@duke.edu",0,1,"471470155",""
592,1446384974,"Fair",0,1,87.67,"Juan.Milici@duke.edu",0,1,"471487287",""
593,1446345793,"Fair",0,1,98.74,"Winifred.Zuckerman@duke.edu",0,1,"047148735X",""
594,1446301216,"Fair",0,1,131.85,"Dominick.Laplante@duke.edu",0,1,"471488852",""
595,1446404629,"Fair",0,1,145.07,"Deana.Radigan@duke.edu",0,1,"471563374",""
596,1446428485,"Fair",0,1,127.5,"Rodolfo.Dove@duke.edu",0,1,"471655279",""
597,1446244981,"Fair",0,1,62.5,"Douglas.Mann@duke.edu",0,1,"471656313",""
598,1446483126,"Fair",0,1,55.61,"Sharri.Berryhill@duke.edu",0,1,"471661775",""
599,1446349381,"Fair",0,1,34.9,"Marina.Amore@duke.edu",0,1,"471661783",""
600,1446320684,"Fair",0,1,96.98,"Shanna.Haley@duke.edu",0,1,"471662933",""
601,1446362288,"Fair",0,1,88.95,"Natalia.Bartlett@duke.edu",0,1,"471663158",""
602,1446488132,"Fair",0,1,148.97,"Meg.Deines@duke.edu",0,1,"471675822",""
603,1446449704,"Fair",0,1,52.66,"Marisela.Oxford@duke.edu",0,1,"471681709",""
604,1446396579,"Fair",0,1,20,"Ilse.Jacinto@duke.edu",0,1,"471684767",""
605,1446411933,"Fair",0,1,70.16,"Jack.Valencia@duke.edu",0,1,"471689343",""
606,1446271971,"Fair",0,1,88.13,"Palmira.Kircher@duke.edu",0,1,"471692093",""
607,1446267895,"Fair",0,1,123.59,"Shonda.Bohannon@duke.edu",0,1,"471692387",""
608,1446420351,"Fair",0,1,146.92,"Cleveland.Holiday@duke.edu",0,1,"471694665",""
609,1446285189,"Fair",0,1,107.61,"Serita.Robnett@duke.edu",0,1,"471705225",""
610,1446381071,"Fair",0,1,84.06,"Nettie.Arata@duke.edu",0,1,"471715379",""
611,1446265942,"Fair",0,1,32.54,"Jermaine.Penhollow@duke.edu",0,1,"471730424",""
612,1446472777,"Fair",0,1,46.22,"Elton.Polo@duke.edu",0,1,"471730513",""
613,1446317266,"Fair",0,1,60.25,"Cira.Harpe@duke.edu",0,1,"471736368",""
614,1446257966,"Fair",0,1,78.09,"Dannielle.Eacret@duke.edu",0,1,"471736961",""
615,1446550118,"Fair",0,1,44.29,"Vennie.Rutland@duke.edu",0,1,"471737690",""
616,1446444516,"Fair",0,1,52.75,"Lezlie.Larocque@duke.edu",0,1,"471749559",""
617,1446407138,"Fair",0,1,128.03,"Martina.Moodie@duke.edu",0,1,"471755303",""
618,1446409071,"Fair",0,1,115.19,"Valentine.Mckern@duke.edu",0,1,"495005614",""
619,1446312558,"Fair",0,1,24.43,"Emil.Jeffries@duke.edu",0,1,"495011622",""
620,1446538954,"Fair",0,1,32.63,"Jodee.Pichette@duke.edu",0,1,"495012033",""
621,1446348624,"Fair",0,1,97.28,"Leisha.Tullis@duke.edu",0,1,"495015997",""
622,1446228644,"Fair",0,1,62.44,"Soon.Kennell@duke.edu",0,1,"495031283",""
623,1446556462,"Fair",0,1,116.46,"Ozell.Gillison@duke.edu",0,1,"495093254",""
624,1446320803,"Fair",0,1,62.33,"Cristie.Bello@duke.edu",0,1,"495187062",""
625,1446248698,"Fair",0,1,127.57,"Aida.Silverberg@duke.edu",0,1,"521370957",""
626,1446495469,"Fair",0,1,85.89,"Leana.Gassett@duke.edu",0,1,"534209106",""
627,1446215436,"Fair",0,1,88.89,"Rhea.Beech@duke.edu",0,1,"534229026",""
628,1446421499,"Fair",0,1,129.07,"Vennie.Barnwell@duke.edu",0,1,"534359450",""
629,1446318966,"Fair",0,1,115.99,"Doug.Atwater@duke.edu",0,1,"534378048",""
630,1446332350,"Fair",0,1,23.47,"Marion.Simek@duke.edu",0,1,"534380581",""
631,1446310065,"Fair",0,1,115.91,"Gwyneth.Doles@duke.edu",0,1,"534387438",""
632,1446376364,"Fair",0,1,147.57,"Caroll.Bankston@duke.edu",0,1,"534389996",""
633,1446341788,"Fair",0,1,91.7,"Maragaret.Pardee@duke.edu",0,1,"534392008",""
634,1446336741,"Fair",0,1,45.6,"Margarett.Wasmund@duke.edu",0,1,"053439339X",""
635,1446325641,"Fair",0,1,70.67,"Hayden.Gines@duke.edu",0,1,"534399339",""
636,1446300853,"Fair",0,1,109.09,"Deloras.Modisette@duke.edu",0,1,"534405215",""
637,1446337265,"Fair",0,1,49.75,"Dung.Mcconville@duke.edu",0,1,"534408427",""
638,1446466784,"Fair",0,1,81.72,"Isabell.Heap@duke.edu",0,1,"534408966",""
639,1446301430,"Fair",0,1,43.56,"Alease.Pekar@duke.edu",0,1,"534417930",""
640,1446334724,"Fair",0,1,23.16,"Parker.Mccabe@duke.edu",0,1,"534418058",""
641,1446327159,"Fair",0,1,51.82,"Delorse.Hindle@duke.edu",0,1,"534418783",""
642,1446289143,"Fair",0,1,32.13,"Salome.Remus@duke.edu",0,1,"534491243",""
643,1446395496,"Fair",0,1,138.82,"Margy.Thiele@duke.edu",0,1,"053449143X",""
644,1446344579,"Fair",0,1,49.33,"Beatriz.Gilkes@duke.edu",0,1,"534492142",""
645,1446365737,"Fair",0,1,147.43,"Laurinda.Louden@duke.edu",0,1,"534536050",""
646,1446331699,"Fair",0,1,52.96,"Micah.Maust@duke.edu",0,1,"534553818",""
647,1446195935,"Fair",0,1,143.04,"Marquitta.Knowles@duke.edu",0,1,"534554016",""
648,1446224500,"Fair",0,1,127.65,"Rosa.Gentry@duke.edu",0,1,"534558100",""
649,1446307766,"Fair",0,1,28,"Kennith.Ostler@duke.edu",0,1,"534559867",""
650,1446406518,"Fair",0,1,105.59,"Blair.Wagnon@duke.edu",0,1,"534585051",""
651,1446400686,"Fair",0,1,112.37,"Melda.Kinsey@duke.edu",0,1,"534589626",""
652,1446336564,"Fair",0,1,59.06,"Tena.Holloway@duke.edu",0,1,"534589898",""
653,1446528739,"Fair",0,1,60.8,"Tobias.Duval@duke.edu",0,1,"534590535",""
654,1446450169,"Fair",0,1,70.57,"Tiara.Auer@duke.edu",0,1,"534600085",""
655,1446442721,"Fair",0,1,42.42,"Jerald.Stumbo@duke.edu",0,1,"053460725X",""
656,1446499224,"Fair",0,1,21.33,"Marvin.Corlew@duke.edu",0,1,"534607950",""
657,1446367907,"Fair",0,1,49.28,"Delana.Winland@duke.edu",0,1,"534608590",""
658,1446361641,"Fair",0,1,128.97,"Siu.Gendreau@duke.edu",0,1,"534618596",""
659,1446532685,"Fair",0,1,61.15,"Alexander.Simonton@duke.edu",0,1,"534621678",""
660,1446249297,"Fair",0,1,114.11,"Cristal.Essex@duke.edu",0,1,"534948847",""
661,1446247432,"Fair",0,1,64.61,"Trena.Mcmullan@duke.edu",0,1,"534950973",""
662,1446467674,"Fair",0,1,135.9,"Noel.Mahnke@duke.edu",0,1,"534997236",""
663,1446254446,"Fair",0,1,75.29,"Erica.Whelan@duke.edu",0,1,"053499766X",""
664,1446273658,"Fair",0,1,137.19,"Kaye.Maus@duke.edu",0,1,"618400508",""
665,1446532055,"Fair",0,1,20.89,"Andreas.Byerley@duke.edu",0,1,"619215267",""
666,1446286725,"Fair",0,1,129.9,"Lane.Mcilvain@duke.edu",0,1,"061921743X",""
667,1446357301,"Fair",0,1,101.5,"Lakeisha.Korhonen@duke.edu",0,1,"619255749",""
668,1446265379,"Fair",0,1,40.71,"Skye.Peugh@duke.edu",0,1,"716715449",""
669,1446294825,"Fair",0,1,96.43,"Wendie.Lappin@duke.edu",0,1,"716743396",""
670,1446417494,"Fair",0,1,121.31,"Justina.Yawn@duke.edu",0,1,"716743663",""
671,1446352629,"Fair",0,1,87.93,"Veda.Buckley@duke.edu",0,1,"716752298",""
672,1446488548,"Fair",0,1,22.47,"Rochel.Gerst@duke.edu",0,1,"716752379",""
673,1446348093,"Fair",0,1,114.74,"Mercedez.Jusino@duke.edu",0,1,"716757060",""
674,1446559154,"Fair",0,1,76.48,"Diedre.Wilkinson@duke.edu",0,1,"716758814",""
675,1446282001,"Fair",0,1,73.32,"Miesha.Rosales@duke.edu",0,1,"716764008",""
676,1446332333,"Fair",0,1,148.59,"Mina.Dunneback@duke.edu",0,1,"716764466",""
677,1446233599,"Fair",0,1,98.44,"Dierdre.Schweitzer@duke.edu",0,1,"716791595",""
678,1446555329,"Fair",0,1,31.06,"Brandie.Moldenhauer@duke.edu",0,1,"721601871",""
679,1446263156,"Fair",0,1,123.71,"Noemi.Pressler@duke.edu",0,1,"721602401",""
680,1446330602,"Fair",0,1,68.72,"Gay.Callanan@duke.edu",0,1,"721690033",""
681,1446273668,"Fair",0,1,70.13,"Herlinda.Felten@duke.edu",0,1,"721697577",""
682,1446231499,"Fair",0,1,53.16,"Mindi.Almquist@duke.edu",0,1,"721697739",""
683,1446413072,"Fair",0,1,99.43,"Sirena.Devine@duke.edu",0,1,"750661682",""
684,1446199530,"Fair",0,1,82.35,"Dion.Hudec@duke.edu",0,1,"076192261X",""
685,1446465866,"Fair",0,1,133.3,"Terina.Work@duke.edu",0,1,"781736390",""
686,1446367059,"Fair",0,1,50.99,"Darwin.Hannaford@duke.edu",0,1,"805306552",""
687,1446456587,"Fair",0,1,22.86,"Abel.Leventhal@duke.edu",0,1,"805330151",""
688,1446310647,"Fair",0,1,84.02,"Conception.Jalbert@duke.edu",0,1,"080534635X",""
689,1446384830,"Fair",0,1,80.94,"Dori.Dineen@duke.edu",0,1,"805346651",""
690,1446262721,"Fair",0,1,63.34,"Kristyn.Lasko@duke.edu",0,1,"805346805",""
691,1446255442,"Fair",0,1,134.6,"Harland.Schweigert@duke.edu",0,1,"805347909",""
692,1446355146,"Fair",0,1,108,"Cassondra.Burkhead@duke.edu",0,1,"805348301",""
693,1446500594,"Fair",0,1,30.72,"Kenton.Cavazos@duke.edu",0,1,"805359095",""
694,1446453525,"Fair",0,1,62.1,"Ramon.Eldred@duke.edu",0,1,"805366245",""
695,1446458545,"Fair",0,1,96.73,"Venetta.Golub@duke.edu",0,1,"805368515",""
696,1446341292,"Fair",0,1,66.72,"Pa.Roger@duke.edu",0,1,"080537146X",""
697,1446328414,"Fair",0,1,73.25,"Waneta.Gossage@duke.edu",0,1,"805371605",""
698,1446490595,"Fair",0,1,112.09,"Mireya.Angel@duke.edu",0,1,"805372105",""
699,1446278213,"Fair",0,1,141.64,"Ethyl.Dirks@duke.edu",0,1,"805372539",""
700,1446406151,"Fair",0,1,130.04,"Kum.Berke@duke.edu",0,1,"805372806",""
701,1446476125,"Fair",0,1,149.4,"Diann.Peer@duke.edu",0,1,"805373276",""
702,1446456231,"Fair",0,1,89.84,"Krystin.Tuller@duke.edu",0,1,"080537678X",""
703,1446413668,"Fair",0,1,139.13,"Louis.Luttrell@duke.edu",0,1,"805385665",""
704,1446362357,"Fair",0,1,35.14,"Katherina.Dock@duke.edu",0,1,"080538684X",""
705,1446322281,"Fair",0,1,128.09,"Malcom.Santerre@duke.edu",0,1,"805391908",""
706,1446476605,"Fair",0,1,115.54,"Lashon.Schoepp@duke.edu",0,1,"884271781",""
707,1446442785,"Fair",0,1,123.47,"Lorena.Hoy@duke.edu",0,1,"890420254",""
708,1446331709,"Fair",0,1,23.26,"Shay.Soldner@duke.edu",0,1,"1401860265",""
709,1446332808,"Fair",0,1,110.23,"Shameka.Breedlove@duke.edu",0,1,"1416000887",""
710,1446398203,"Fair",0,1,96.43,"Youlanda.Vachon@duke.edu",0,1,"1416025340",""
711,1446312084,"Fair",0,1,23.03,"Valentina.Mcdermott@duke.edu",0,1,"1418835935",""
712,1446247346,"Fair",0,1,43.6,"Tianna.Kinnaird@duke.edu",0,1,"1418835978",""
713,1446496224,"Fair",0,1,46.19,"Tressa.Ursery@duke.edu",0,1,"1418836397",""
714,1446370609,"Fair",0,1,27.71,"Jodee.Mangino@duke.edu",0,1,"1418843709",""
715,1446303915,"Fair",0,1,45,"Robena.Hiett@duke.edu",0,1,"1558606041",""
716,1446216815,"Fair",0,1,81.71,"Delorse.Kroh@duke.edu",0,1,"155860832X",""
717,1446179525,"Fair",0,1,107.26,"Glayds.Steger@duke.edu",0,1,"1932531084",""
718,1446756274,"Fair",0,1,98.45,"Markita.Falgoust@duke.edu",0,1,"324405421",""
719,1446723496,"Fair",0,1,30.11,"Margart.Haydon@duke.edu",0,1,"393924963",""
720,1446730877,"Fair",0,1,55.49,"Carlotta.Schweitzer@duke.edu",0,1,"393925536",""
721,1446758578,"Fair",0,1,87.87,"Ines.Cormier@duke.edu",0,1,"393927024",""
722,1446592550,"Fair",0,1,71.51,"Bette.Deherrera@duke.edu",0,1,"393970833",""
723,1446603371,"Fair",0,1,32.89,"Faustino.Delima@duke.edu",0,1,"393975150",""
724,1446836667,"Fair",0,1,89.26,"Valeria.Ledoux@duke.edu",0,1,"393977765",""
725,1446741682,"Fair",0,1,72.43,"Carma.Mccarroll@duke.edu",0,1,"393978796",""
726,1446827262,"Fair",0,1,114.42,"Janeth.Rufener@duke.edu",0,1,"393979059",""
727,1446706248,"Fair",0,1,22.92,"Elaine.Valenza@duke.edu",0,1,"393979962",""
728,1446796720,"Fair",0,1,95.43,"Joaquin.Rother@duke.edu",0,1,"395977274",""
729,1446727954,"Fair",0,1,100.04,"Lakendra.Featherston@duke.edu",0,1,"443100349",""
730,1446757343,"Fair",0,1,119.71,"Benedict.Luong@duke.edu",0,1,"471000779",""
731,1446766487,"Fair",0,1,94.62,"Margie.Gandy@duke.edu",0,1,"471120626",""
732,1446683699,"Fair",0,1,111.24,"Stephanie.Lauro@duke.edu",0,1,"471134767",""
733,1446590475,"Fair",0,1,116.11,"Homer.Gano@duke.edu",0,1,"471152323",""
734,1446547507,"Fair",0,1,32.54,"Cortez.Barfoot@duke.edu",0,1,"471153680",""
735,1446641751,"Fair",0,1,41.67,"Tomi.Neeld@duke.edu",0,1,"471198269",""
736,1446701635,"Fair",0,1,62.36,"Shelby.Domino@duke.edu",0,1,"471202312",""
737,1446772613,"Fair",0,1,114.3,"Meredith.Vanguilder@duke.edu",0,1,"047123009X",""
738,1446779502,"Fair",0,1,131.89,"Naomi.Dyke@duke.edu",0,1,"471232319",""
739,1446622401,"Fair",0,1,116.31,"Chloe.Jeanpierre@duke.edu",0,1,"471272140",""
740,1446728020,"Fair",0,1,80.29,"Tam.Lawler@duke.edu",0,1,"471274712",""
741,1446869794,"Fair",0,1,117.3,"Judy.Shahan@duke.edu",0,1,"471321680",""
742,1446790867,"Fair",0,1,32.27,"Georgia.Necessary@duke.edu",0,1,"471348066",""
743,1446822786,"Fair",0,1,30.72,"Antonetta.Mccain@duke.edu",0,1,"471393622",""
744,1446663163,"Fair",0,1,143.38,"Gertrude.Michie@duke.edu",0,1,"471410772",""
745,1446637414,"Fair",0,1,32.78,"Michaele.Mineo@duke.edu",0,1,"471413895",""
746,1446646821,"Fair",0,1,137.03,"Ivette.Gorden@duke.edu",0,1,"047141526X",""
747,1446678969,"Fair",0,1,74.06,"Oliver.Gebo@duke.edu",0,1,"471417998",""
748,1446746083,"Fair",0,1,144.28,"Elina.Hong@duke.edu",0,1,"471420840",""
749,1446623537,"Fair",0,1,28.88,"Minda.Banister@duke.edu",0,1,"471433373",""
750,1446751761,"Fair",0,1,77.48,"Shanelle.Dunson@duke.edu",0,1,"471433381",""
751,1446605482,"Fair",0,1,112.04,"Milton.Shears@duke.edu",0,1,"047143339X",""
752,1446650821,"Fair",0,1,27.73,"Winona.Owusu@duke.edu",0,1,"471445770",""
753,1446496807,"Fair",0,1,141.87,"Luvenia.Digman@duke.edu",0,1,"471445932",""
754,1446598334,"Fair",0,1,116.56,"Hilde.Zamarripa@duke.edu",0,1,"471450073",""
755,1446496993,"Fair",0,1,85.59,"Mireya.Angel@duke.edu",0,1,"471465801",""
756,1446679020,"Fair",0,1,54.51,"Ethyl.Dirks@duke.edu",0,1,"471470155",""
757,1446687374,"Fair",0,1,88.67,"Kum.Berke@duke.edu",0,1,"471487287",""
758,1446648193,"Fair",0,1,99.74,"Diann.Peer@duke.edu",0,1,"047148735X",""
759,1446603616,"Fair",0,1,132.85,"Krystin.Tuller@duke.edu",0,1,"471488852",""
760,1446707029,"Fair",0,1,146.07,"Louis.Luttrell@duke.edu",0,1,"471563374",""
761,1446730885,"Fair",0,1,128.5,"Katherina.Dock@duke.edu",0,1,"471655279",""
762,1446547381,"Fair",0,1,63.5,"Malcom.Santerre@duke.edu",0,1,"471656313",""
763,1446785526,"Fair",0,1,56.61,"Lashon.Schoepp@duke.edu",0,1,"471661775",""
764,1446651781,"Fair",0,1,35.9,"Lorena.Hoy@duke.edu",0,1,"471661783",""
765,1446623084,"Fair",0,1,97.98,"Shay.Soldner@duke.edu",0,1,"471662933",""
766,1446664688,"Fair",0,1,89.95,"Shameka.Breedlove@duke.edu",0,1,"471663158",""
767,1446790532,"Fair",0,1,149.97,"Youlanda.Vachon@duke.edu",0,1,"471675822",""
768,1446752104,"Fair",0,1,53.66,"Valentina.Mcdermott@duke.edu",0,1,"471681709",""
769,1446698979,"Fair",0,1,21,"Tianna.Kinnaird@duke.edu",0,1,"471684767",""
770,1446714333,"Fair",0,1,71.16,"Tressa.Ursery@duke.edu",0,1,"471689343",""
771,1446574371,"Fair",0,1,89.13,"Jodee.Mangino@duke.edu",0,1,"471692093",""
772,1446570295,"Fair",0,1,124.59,"Robena.Hiett@duke.edu",0,1,"471692387",""
773,1446722751,"Fair",0,1,147.92,"Delorse.Kroh@duke.edu",0,1,"471694665",""
774,1446587589,"Fair",0,1,108.61,"Glayds.Steger@duke.edu",0,1,"471705225",""
775,1446683471,"Fair",0,1,85.06,"Sophia.Corprew@duke.edu",0,1,"471715379",""
776,1446568342,"Fair",0,1,33.54,"Irving.Canales@duke.edu",0,1,"471730424",""
777,1446775177,"Fair",0,1,47.22,"Gerry.Pappan@duke.edu",0,1,"471730513",""
778,1446619666,"Fair",0,1,61.25,"Laticia.Wilker@duke.edu",0,1,"471736368",""
779,1446560366,"Fair",0,1,79.09,"Nathanael.Richarson@duke.edu",0,1,"471736961",""
780,1446852518,"Fair",0,1,45.29,"Giselle.Amorim@duke.edu",0,1,"471737690",""
781,1446746916,"Fair",0,1,53.75,"Julietta.Shaughnessy@duke.edu",0,1,"471749559",""
782,1446709538,"Fair",0,1,129.03,"Amada.Edenfield@duke.edu",0,1,"471755303",""
783,1446711471,"Fair",0,1,116.19,"Gianna.Furlow@duke.edu",0,1,"495005614",""
784,1446614958,"Fair",0,1,25.43,"Sari.Trafton@duke.edu",0,1,"495011622",""
785,1446841354,"Fair",0,1,33.63,"Sanora.Bulter@duke.edu",0,1,"495012033",""
786,1446531044,"Fair",0,1,63.44,"Nikki.Jumper@duke.edu",0,1,"495031283",""
787,1446858862,"Fair",0,1,117.46,"Ettie.Sommer@duke.edu",0,1,"495093254",""
788,1446623203,"Fair",0,1,63.33,"Alaine.Mackey@duke.edu",0,1,"495187062",""
789,1446551098,"Fair",0,1,128.57,"Linh.Rask@duke.edu",0,1,"521370957",""
790,1446797869,"Fair",0,1,86.89,"Phylis.Shanahan@duke.edu",0,1,"534209106",""
791,1446517836,"Fair",0,1,89.89,"Waneta.Beall@duke.edu",0,1,"534229026",""
792,1446723899,"Fair",0,1,130.07,"Alona.Ardito@duke.edu",0,1,"534359450",""
793,1446621366,"Fair",0,1,116.99,"Diedre.Lefever@duke.edu",0,1,"534378048",""
794,1446634750,"Fair",0,1,24.47,"Antoine.Kimbro@duke.edu",0,1,"534380581",""
795,1446612465,"Fair",0,1,116.91,"Dulce.Stlawrence@duke.edu",0,1,"534387438",""
796,1446678764,"Fair",0,1,148.57,"Lessie.Hagaman@duke.edu",0,1,"534389996",""
797,1446644188,"Fair",0,1,92.7,"Lakiesha.Rome@duke.edu",0,1,"534392008",""
798,1446639141,"Fair",0,1,46.6,"Marcell.Romeo@duke.edu",0,1,"053439339X",""
799,1446628041,"Fair",0,1,71.67,"Magnolia.Cheney@duke.edu",0,1,"534399339",""
800,1446603253,"Fair",0,1,110.09,"Abbie.Hagerman@duke.edu",0,1,"534405215",""
801,1446639665,"Fair",0,1,50.75,"Neomi.Torgrimson@duke.edu",0,1,"534408427",""
802,1446769184,"Fair",0,1,82.72,"Libbie.Waldron@duke.edu",0,1,"534408966",""
803,1446603830,"Fair",0,1,44.56,"Hue.Dahms@duke.edu",0,1,"534417930",""
804,1446637124,"Fair",0,1,24.16,"Felicia.Devos@duke.edu",0,1,"534418058",""
805,1446629559,"Fair",0,1,52.82,"Lorette.Bleich@duke.edu",0,1,"534418783",""
806,1446591543,"Fair",0,1,33.13,"Tyisha.Schulenberg@duke.edu",0,1,"534491243",""
807,1446697896,"Fair",0,1,139.82,"Ellan.Dorado@duke.edu",0,1,"053449143X",""
808,1446646979,"Fair",0,1,50.33,"Catharine.Moreno@duke.edu",0,1,"534492142",""
809,1446668137,"Fair",0,1,148.43,"Angella.Navarrete@duke.edu",0,1,"534536050",""
810,1446634099,"Fair",0,1,53.96,"Miguelina.Recker@duke.edu",0,1,"534553818",""
811,1446498335,"Fair",0,1,144.04,"Ericka.Chatmon@duke.edu",0,1,"534554016",""
812,1446526900,"Fair",0,1,128.65,"Santana.Petterson@duke.edu",0,1,"534558100",""
813,1446610166,"Fair",0,1,29,"Issac.Simek@duke.edu",0,1,"534559867",""
814,1446708918,"Fair",0,1,106.59,"Hyo.Goldblatt@duke.edu",0,1,"534585051",""
815,1446703086,"Fair",0,1,113.37,"Mae.Kerby@duke.edu",0,1,"534589626",""
816,1446638964,"Fair",0,1,60.06,"Jodie.Pedroza@duke.edu",0,1,"534589898",""
817,1446831139,"Fair",0,1,61.8,"Dalton.Ruoff@duke.edu",0,1,"534590535",""
818,1446752569,"Fair",0,1,71.57,"Azalee.Coaxum@duke.edu",0,1,"534600085",""
819,1446745121,"Fair",0,1,43.42,"Walker.Ekberg@duke.edu",0,1,"053460725X",""
820,1446801624,"Fair",0,1,22.33,"Guillermina.Guthridge@duke.edu",0,1,"534607950",""
821,1446670307,"Fair",0,1,50.28,"Cara.Baham@duke.edu",0,1,"534608590",""
822,1446664041,"Fair",0,1,129.97,"Florida.Pintor@duke.edu",0,1,"534618596",""
823,1446835085,"Fair",0,1,62.15,"Harriette.Swafford@duke.edu",0,1,"534621678",""
824,1446551697,"Fair",0,1,115.11,"Sheree.La@duke.edu",0,1,"534948847",""
825,1446549832,"Fair",0,1,65.61,"Barbra.Stiles@duke.edu",0,1,"534950973",""
826,1446770074,"Fair",0,1,136.9,"Winston.Abbott@duke.edu",0,1,"534997236",""
827,1446556846,"Fair",0,1,76.29,"Landon.Getman@duke.edu",0,1,"053499766X",""
828,1446576058,"Fair",0,1,138.19,"Jerry.Latz@duke.edu",0,1,"618400508",""
829,1446834455,"Fair",0,1,21.89,"Marylyn.Petrovich@duke.edu",0,1,"619215267",""
830,1446589125,"Fair",0,1,130.9,"Amada.Persaud@duke.edu",0,1,"061921743X",""
831,1446659701,"Fair",0,1,102.5,"Tu.Pastor@duke.edu",0,1,"619255749",""
832,1446567779,"Fair",0,1,41.71,"Gerard.Claeys@duke.edu",0,1,"716715449",""
833,1446597225,"Fair",0,1,97.43,"Tatiana.Hollabaugh@duke.edu",0,1,"716743396",""
834,1446719894,"Fair",0,1,122.31,"Velia.Ketron@duke.edu",0,1,"716743663",""
835,1446655029,"Fair",0,1,88.93,"Rachal.Doty@duke.edu",0,1,"716752298",""
836,1446790948,"Fair",0,1,23.47,"Ruben.Liedtke@duke.edu",0,1,"716752379",""
837,1446650493,"Fair",0,1,115.74,"Xavier.Stiner@duke.edu",0,1,"716757060",""
838,1446861554,"Fair",0,1,77.48,"Ramonita.Lyke@duke.edu",0,1,"716758814",""
839,1446584401,"Fair",0,1,74.32,"Nadine.Holtzen@duke.edu",0,1,"716764008",""
840,1446634733,"Fair",0,1,149.59,"Maida.Laursen@duke.edu",0,1,"716764466",""
841,1446535999,"Fair",0,1,99.44,"Felicia.Miley@duke.edu",0,1,"716791595",""
842,1446857729,"Fair",0,1,32.06,"Vanessa.Meininger@duke.edu",0,1,"721601871",""
843,1446565556,"Fair",0,1,124.71,"Janean.Caverly@duke.edu",0,1,"721602401",""
844,1446633002,"Fair",0,1,69.72,"Sid.Bitner@duke.edu",0,1,"721690033",""
845,1446576068,"Fair",0,1,71.13,"Marsha.Satterlee@duke.edu",0,1,"721697577",""
846,1446533899,"Fair",0,1,54.16,"Teisha.Greaney@duke.edu",0,1,"721697739",""
847,1446715472,"Fair",0,1,100.43,"Vernita.Lopinto@duke.edu",0,1,"750661682",""
848,1446501930,"Fair",0,1,83.35,"Blossom.Dewall@duke.edu",0,1,"076192261X",""
849,1446768266,"Fair",0,1,134.3,"Lakita.Martel@duke.edu",0,1,"781736390",""
850,1446669459,"Fair",0,1,51.99,"Marhta.Robards@duke.edu",0,1,"805306552",""
851,1446758987,"Fair",0,1,23.86,"Mozell.Bronk@duke.edu",0,1,"805330151",""
852,1446613047,"Fair",0,1,85.02,"Takisha.Okamoto@duke.edu",0,1,"080534635X",""
853,1446687230,"Fair",0,1,81.94,"Madelene.Winans@duke.edu",0,1,"805346651",""
854,1446565121,"Fair",0,1,64.34,"Vivienne.Ali@duke.edu",0,1,"805346805",""
855,1446557842,"Fair",0,1,135.6,"Eulah.Diggins@duke.edu",0,1,"805347909",""
856,1446657546,"Fair",0,1,109,"Jeremiah.Sant@duke.edu",0,1,"805348301",""
857,1446802994,"Fair",0,1,31.72,"Tabitha.Comstock@duke.edu",0,1,"805359095",""
858,1446755925,"Fair",0,1,63.1,"Sara.Begum@duke.edu",0,1,"805366245",""
859,1446760945,"Fair",0,1,97.73,"Branden.Murphree@duke.edu",0,1,"805368515",""
860,1446643692,"Fair",0,1,67.72,"Luanne.Rowton@duke.edu",0,1,"080537146X",""
861,1446630814,"Fair",0,1,74.25,"Augusta.Hartin@duke.edu",0,1,"805371605",""
862,1446792995,"Fair",0,1,113.09,"Maricruz.Nerney@duke.edu",0,1,"805372105",""
863,1446580613,"Fair",0,1,142.64,"Millie.Timoteo@duke.edu",0,1,"805372539",""
864,1446708551,"Fair",0,1,131.04,"Eddie.Grim@duke.edu",0,1,"805372806",""
865,1447050034,"Fair",0,1,96.45,"Caron.Abelson@duke.edu",0,1,"324405421",""
866,1447017256,"Fair",0,1,28.11,"Georgeann.Cisco@duke.edu",0,1,"393924963",""
867,1447024637,"Fair",0,1,53.49,"Renay.Julien@duke.edu",0,1,"393925536",""
868,1447052338,"Fair",0,1,85.87,"Dot.Edward@duke.edu",0,1,"393927024",""
869,1446886310,"Fair",0,1,69.51,"Linwood.Paige@duke.edu",0,1,"393970833",""
870,1446897131,"Fair",0,1,30.89,"Will.Zamora@duke.edu",0,1,"393975150",""
871,1447130427,"Fair",0,1,87.26,"Kourtney.Garduno@duke.edu",0,1,"393977765",""
872,1447035442,"Fair",0,1,70.43,"Elnora.Karg@duke.edu",0,1,"393978796",""
873,1447121022,"Fair",0,1,112.42,"Eldridge.Obannon@duke.edu",0,1,"393979059",""
874,1447000008,"Fair",0,1,20.92,"Carmelia.Showalter@duke.edu",0,1,"393979962",""
875,1447090480,"Fair",0,1,93.43,"Hector.Huggard@duke.edu",0,1,"395977274",""
876,1447021714,"Fair",0,1,98.04,"Mollie.Pietrzak@duke.edu",0,1,"443100349",""
877,1447051103,"Fair",0,1,117.71,"Stevie.Michalik@duke.edu",0,1,"471000779",""
878,1447060247,"Fair",0,1,92.62,"Harriette.Donaghy@duke.edu",0,1,"471120626",""
879,1446977459,"Fair",0,1,109.24,"Jacquelyn.Bogle@duke.edu",0,1,"471134767",""
880,1446884235,"Fair",0,1,114.11,"Felipe.Eisenbarth@duke.edu",0,1,"471152323",""
881,1446841267,"Fair",0,1,30.54,"Hilda.Dieter@duke.edu",0,1,"471153680",""
882,1446935511,"Fair",0,1,39.67,"Elza.Saucier@duke.edu",0,1,"471198269",""
883,1446995395,"Fair",0,1,60.36,"Branda.Brueggeman@duke.edu",0,1,"471202312",""
884,1447066373,"Fair",0,1,112.3,"Enriqueta.Sexton@duke.edu",0,1,"047123009X",""
885,1447073262,"Fair",0,1,129.89,"Jillian.Pavia@duke.edu",0,1,"471232319",""
886,1446916161,"Fair",0,1,114.31,"Reiko.Jaffe@duke.edu",0,1,"471272140",""
887,1447021780,"Fair",0,1,78.29,"Kendall.Matos@duke.edu",0,1,"471274712",""
888,1447163554,"Fair",0,1,115.3,"Elaine.Matus@duke.edu",0,1,"471321680",""
889,1447084627,"Fair",0,1,30.27,"Lovetta.Stamey@duke.edu",0,1,"471348066",""
890,1447116546,"Fair",0,1,28.72,"Howard.Branco@duke.edu",0,1,"471393622",""
891,1446956923,"Fair",0,1,141.38,"Particia.Landeros@duke.edu",0,1,"471410772",""
892,1446931174,"Fair",0,1,30.78,"Adena.Shelman@duke.edu",0,1,"471413895",""
893,1446940581,"Fair",0,1,135.03,"Gregory.Niemi@duke.edu",0,1,"047141526X",""
894,1446972729,"Fair",0,1,72.06,"Loyce.Oconnor@duke.edu",0,1,"471417998",""
895,1447039843,"Fair",0,1,142.28,"Lakia.Daniell@duke.edu",0,1,"471420840",""
896,1446917297,"Fair",0,1,26.88,"Gale.Fleener@duke.edu",0,1,"471433373",""
897,1447045521,"Fair",0,1,75.48,"Roberto.Derksen@duke.edu",0,1,"471433381",""
898,1446899242,"Fair",0,1,110.04,"Jackson.Blazer@duke.edu",0,1,"047143339X",""
899,1446944581,"Fair",0,1,25.73,"Marylyn.Lippold@duke.edu",0,1,"471445770",""
900,1446790567,"Fair",0,1,139.87,"Myrta.Kain@duke.edu",0,1,"471445932",""
901,1446892094,"Fair",0,1,114.56,"Tyra.Brawn@duke.edu",0,1,"471450073",""
902,1446790753,"Fair",0,1,83.59,"Andree.Alongi@duke.edu",0,1,"471465801",""
903,1446972780,"Fair",0,1,52.51,"Nell.Goldberg@duke.edu",0,1,"471470155",""
904,1446981134,"Fair",0,1,86.67,"Marceline.Goe@duke.edu",0,1,"471487287",""
905,1446941953,"Fair",0,1,97.74,"Stacia.Husain@duke.edu",0,1,"047148735X",""
906,1446897376,"Fair",0,1,130.85,"Arlie.Bolenbaugh@duke.edu",0,1,"471488852",""
907,1447000789,"Fair",0,1,144.07,"Christia.Umland@duke.edu",0,1,"471563374",""
908,1447024645,"Fair",0,1,126.5,"Becky.Ayer@duke.edu",0,1,"471655279",""
909,1446841141,"Fair",0,1,61.5,"Kendrick.Waterfield@duke.edu",0,1,"471656313",""
910,1447079286,"Fair",0,1,54.61,"Clara.Ordway@duke.edu",0,1,"471661775",""
911,1446945541,"Fair",0,1,33.9,"Brynn.Veliz@duke.edu",0,1,"471661783",""
912,1446916844,"Fair",0,1,95.98,"Kellee.Guillory@duke.edu",0,1,"471662933",""
913,1446958448,"Fair",0,1,87.95,"Dale.Knebel@duke.edu",0,1,"471663158",""
914,1447084292,"Fair",0,1,147.97,"Felisa.Pete@duke.edu",0,1,"471675822",""
915,1447045864,"Fair",0,1,51.66,"Nevada.Kimber@duke.edu",0,1,"471681709",""
916,1446992739,"Fair",0,1,19,"Lakenya.Ord@duke.edu",0,1,"471684767",""
917,1447008093,"Fair",0,1,69.16,"Ashely.Owens@duke.edu",0,1,"471689343",""
918,1446868131,"Fair",0,1,87.13,"Ramon.Lige@duke.edu",0,1,"471692093",""
919,1446864055,"Fair",0,1,122.59,"Clair.Splawn@duke.edu",0,1,"471692387",""
920,1447016511,"Fair",0,1,145.92,"Shelba.Kissell@duke.edu",0,1,"471694665",""
921,1446881349,"Fair",0,1,106.61,"Barbara.Estey@duke.edu",0,1,"471705225",""
922,1446977231,"Fair",0,1,83.06,"Oswaldo.Keim@duke.edu",0,1,"471715379",""
923,1446862102,"Fair",0,1,31.54,"Synthia.Bhatt@duke.edu",0,1,"471730424",""
924,1447068937,"Fair",0,1,45.22,"Sheilah.Mone@duke.edu",0,1,"471730513",""
925,1446913426,"Fair",0,1,59.25,"Yulanda.Abram@duke.edu",0,1,"471736368",""
926,1446854126,"Fair",0,1,77.09,"Marilynn.Bickett@duke.edu",0,1,"471736961",""
927,1447146278,"Fair",0,1,43.29,"Darline.Boyton@duke.edu",0,1,"471737690",""
928,1447040676,"Fair",0,1,51.75,"Alfonzo.Lopez@duke.edu",0,1,"471749559",""
929,1447003298,"Fair",0,1,127.03,"Carey.Santoyo@duke.edu",0,1,"471755303",""
930,1447005231,"Fair",0,1,114.19,"Colton.Gilchrist@duke.edu",0,1,"495005614",""
931,1446908718,"Fair",0,1,23.43,"Ambrose.Homeyer@duke.edu",0,1,"495011622",""
932,1447135114,"Fair",0,1,31.63,"Isaac.Sharman@duke.edu",0,1,"495012033",""
933,1446944784,"Fair",0,1,96.28,"Aleisha.Beer@duke.edu",0,1,"495015997",""
934,1446824804,"Fair",0,1,61.44,"Linnie.Blais@duke.edu",0,1,"495031283",""
935,1447152622,"Fair",0,1,115.46,"Lorriane.Freed@duke.edu",0,1,"495093254",""
936,1446916963,"Fair",0,1,61.33,"Alverta.Fiorito@duke.edu",0,1,"495187062",""
937,1446844858,"Fair",0,1,126.57,"Marlena.Babb@duke.edu",0,1,"521370957",""
938,1447091629,"Fair",0,1,84.89,"Margurite.Klingman@duke.edu",0,1,"534209106",""
939,1446811596,"Fair",0,1,87.89,"Dean.Wittmer@duke.edu",0,1,"534229026",""
940,1447017659,"Fair",0,1,128.07,"Leighann.Cruickshank@duke.edu",0,1,"534359450",""
941,1446915126,"Fair",0,1,114.99,"Trudy.Borgen@duke.edu",0,1,"534378048",""
942,1446928510,"Fair",0,1,22.47,"Julianna.Wurster@duke.edu",0,1,"534380581",""
943,1446906225,"Fair",0,1,114.91,"Dwayne.Seal@duke.edu",0,1,"534387438",""
944,1446972524,"Fair",0,1,146.57,"Jerrold.Vanderhorst@duke.edu",0,1,"534389996",""
945,1446937948,"Fair",0,1,90.7,"Tomi.Maggio@duke.edu",0,1,"534392008",""
946,1446932901,"Fair",0,1,44.6,"Isreal.Urban@duke.edu",0,1,"053439339X",""
947,1446921801,"Fair",0,1,69.67,"Eileen.Chess@duke.edu",0,1,"534399339",""
948,1446897013,"Fair",0,1,108.09,"Lauran.Summerville@duke.edu",0,1,"534405215",""
949,1446933425,"Fair",0,1,48.75,"Keven.Conlon@duke.edu",0,1,"534408427",""
950,1447062944,"Fair",0,1,80.72,"Sarita.Barto@duke.edu",0,1,"534408966",""
951,1446897590,"Fair",0,1,42.56,"Michell.Notaro@duke.edu",0,1,"534417930",""
952,1446930884,"Fair",0,1,22.16,"Lindsey.Pendergraft@duke.edu",0,1,"534418058",""
953,1446923319,"Fair",0,1,50.82,"Clement.Croston@duke.edu",0,1,"534418783",""
954,1446885303,"Fair",0,1,31.13,"Melissa.Lytton@duke.edu",0,1,"534491243",""
955,1446991656,"Fair",0,1,137.82,"Leonarda.Joyal@duke.edu",0,1,"053449143X",""
956,1446940739,"Fair",0,1,48.33,"Eugenia.Willmon@duke.edu",0,1,"534492142",""
957,1446961897,"Fair",0,1,146.43,"Claudine.Ortega@duke.edu",0,1,"534536050",""
958,1446927859,"Fair",0,1,51.96,"Adelina.Annunziata@duke.edu",0,1,"534553818",""
959,1446792095,"Fair",0,1,142.04,"Creola.Deveau@duke.edu",0,1,"534554016",""
960,1446820660,"Fair",0,1,126.65,"Lowell.Hopple@duke.edu",0,1,"534558100",""
961,1446903926,"Fair",0,1,27,"Sheila.Sheley@duke.edu",0,1,"534559867",""
962,1447002678,"Fair",0,1,104.59,"Rima.Mcnamara@duke.edu",0,1,"534585051",""
963,1447335154,"Fair",0,1,99.45,"Grisel.Tomasek@duke.edu",0,1,"324405421",""
964,1447302376,"Fair",0,1,31.11,"Nakita.Berrios@duke.edu",0,1,"393924963",""
965,1447309757,"Fair",0,1,56.49,"Byron.Leek@duke.edu",0,1,"393925536",""
966,1447337458,"Fair",0,1,88.87,"Whitley.Mahon@duke.edu",0,1,"393927024",""
967,1447171430,"Fair",0,1,72.51,"Orpha.Kraus@duke.edu",0,1,"393970833",""
968,1447182251,"Fair",0,1,33.89,"Tierra.Givan@duke.edu",0,1,"393975150",""
969,1447415547,"Fair",0,1,90.26,"Nestor.Calvo@duke.edu",0,1,"393977765",""
970,1447320562,"Fair",0,1,73.43,"Tamela.Winsor@duke.edu",0,1,"393978796",""
971,1447406142,"Fair",0,1,115.42,"Fran.Sylvia@duke.edu",0,1,"393979059",""
972,1447285128,"Fair",0,1,23.92,"Liz.Boniello@duke.edu",0,1,"393979962",""
973,1447375600,"Fair",0,1,96.43,"Reggie.Inoue@duke.edu",0,1,"395977274",""
974,1447306834,"Fair",0,1,101.04,"Hae.Underhill@duke.edu",0,1,"443100349",""
975,1447336223,"Fair",0,1,120.71,"Collette.Fetzer@duke.edu",0,1,"471000779",""
976,1447345367,"Fair",0,1,95.62,"Alline.Eilers@duke.edu",0,1,"471120626",""
977,1447262579,"Fair",0,1,112.24,"Zenaida.Rehbein@duke.edu",0,1,"471134767",""
978,1447169355,"Fair",0,1,117.11,"Earline.Christian@duke.edu",0,1,"471152323",""
979,1447126387,"Fair",0,1,33.54,"Jenelle.Delpino@duke.edu",0,1,"471153680",""
980,1447220631,"Fair",0,1,42.67,"Velia.Malagon@duke.edu",0,1,"471198269",""
981,1447280515,"Fair",0,1,63.36,"Fabiola.Hartshorn@duke.edu",0,1,"471202312",""
982,1447351493,"Fair",0,1,115.3,"Alma.Kirby@duke.edu",0,1,"047123009X",""
983,1447358382,"Fair",0,1,132.89,"Kris.Craddock@duke.edu",0,1,"471232319",""
984,1447201281,"Fair",0,1,117.31,"Rozella.Studebaker@duke.edu",0,1,"471272140",""
985,1447306900,"Fair",0,1,81.29,"China.Chavarin@duke.edu",0,1,"471274712",""
986,1447448674,"Fair",0,1,118.3,"Tyrone.Rozier@duke.edu",0,1,"471321680",""
987,1447369747,"Fair",0,1,33.27,"Arletta.Jiang@duke.edu",0,1,"471348066",""
988,1447401666,"Fair",0,1,31.72,"Wendell.Tocco@duke.edu",0,1,"471393622",""
989,1447242043,"Fair",0,1,144.38,"Almeda.Holmberg@duke.edu",0,1,"471410772",""
990,1447216294,"Fair",0,1,33.78,"Lanie.Bald@duke.edu",0,1,"471413895",""
991,1447225701,"Fair",0,1,138.03,"Taisha.Pride@duke.edu",0,1,"047141526X",""
992,1447257849,"Fair",0,1,75.06,"Tameika.Thome@duke.edu",0,1,"471417998",""
993,1447324963,"Fair",0,1,145.28,"Anisa.Tatro@duke.edu",0,1,"471420840",""
994,1447202417,"Fair",0,1,29.88,"Tobias.Jorgenson@duke.edu",0,1,"471433373",""
995,1447330641,"Fair",0,1,78.48,"Shenna.Horne@duke.edu",0,1,"471433381",""
996,1447184362,"Fair",0,1,113.04,"Emmie.Stoll@duke.edu",0,1,"047143339X",""
997,1447229701,"Fair",0,1,28.73,"Josh.Funk@duke.edu",0,1,"471445770",""
998,1447075687,"Fair",0,1,142.87,"Regena.Conner@duke.edu",0,1,"471445932",""
999,1447177214,"Fair",0,1,117.56,"Luciano.Madonia@duke.edu",0,1,"471450073",""
1000,1447075873,"Fair",0,1,86.59,"Neal.Woodburn@duke.edu",0,1,"471465801",""
1001,1447257900,"Fair",0,1,55.51,"Diane.Fang@duke.edu",0,1,"471470155",""
1002,1447266254,"Fair",0,1,89.67,"Scottie.Poissant@duke.edu",0,1,"471487287",""
1003,1447227073,"Fair",0,1,100.74,"Carrie.Verdugo@duke.edu",0,1,"047148735X",""
1004,1447182496,"Fair",0,1,133.85,"Alexa.Acquaviva@duke.edu",0,1,"471488852",""
1005,1447285909,"Fair",0,1,147.07,"Lanell.Glanton@duke.edu",0,1,"471563374",""
1006,1447309765,"Fair",0,1,129.5,"Bobbye.Leavitt@duke.edu",0,1,"471655279",""
1007,1447126261,"Fair",0,1,64.5,"Britt.Kwak@duke.edu",0,1,"471656313",""
1008,1447364406,"Fair",0,1,57.61,"Stanford.Hagerty@duke.edu",0,1,"471661775",""
1009,1447230661,"Fair",0,1,36.9,"Alden.Golliday@duke.edu",0,1,"471661783",""
1010,1447201964,"Fair",0,1,98.98,"Awilda.Tunstall@duke.edu",0,1,"471662933",""
1011,1447611634,"Fair",0,1,94.95,"Hollis.Rocchio@duke.edu",0,1,"324405421",""
1012,1447578856,"Fair",0,1,26.61,"Ariel.Brannon@duke.edu",0,1,"393924963",""
1013,1447586237,"Fair",0,1,51.99,"Wayne.Sorrels@duke.edu",0,1,"393925536",""
1014,1447613938,"Fair",0,1,84.37,"Lupe.Flansburg@duke.edu",0,1,"393927024",""
1015,1447447910,"Fair",0,1,68.01,"David.Pippins@duke.edu",0,1,"393970833",""
1016,1447458731,"Fair",0,1,29.39,"Helaine.Cleaves@duke.edu",0,1,"393975150",""
1017,1447692027,"Fair",0,1,85.76,"Annika.Mayberry@duke.edu",0,1,"393977765",""
1018,1447597042,"Fair",0,1,68.93,"Carlie.Bland@duke.edu",0,1,"393978796",""
1019,1447682622,"Fair",0,1,110.92,"Adela.Schartz@duke.edu",0,1,"393979059",""
1020,1447561608,"Fair",0,1,19.42,"Alix.Bixby@duke.edu",0,1,"393979962",""
1021,1447652080,"Fair",0,1,91.93,"Darwin.Hannaford@duke.edu",0,1,"395977274",""
1022,1447583314,"Fair",0,1,96.54,"Abel.Leventhal@duke.edu",0,1,"443100349",""
1023,1447612703,"Fair",0,1,116.21,"Conception.Jalbert@duke.edu",0,1,"471000779",""
1024,1447621847,"Fair",0,1,91.12,"Dori.Dineen@duke.edu",0,1,"471120626",""
1025,1447539059,"Fair",0,1,107.74,"Kristyn.Lasko@duke.edu",0,1,"471134767",""
1026,1447445835,"Fair",0,1,112.61,"Harland.Schweigert@duke.edu",0,1,"471152323",""
1027,1447402867,"Fair",0,1,29.04,"Cassondra.Burkhead@duke.edu",0,1,"471153680",""
1028,1447497111,"Fair",0,1,38.17,"Kenton.Cavazos@duke.edu",0,1,"471198269",""
1029,1447556995,"Fair",0,1,58.86,"Ramon.Eldred@duke.edu",0,1,"471202312",""
1030,1447627973,"Fair",0,1,110.8,"Venetta.Golub@duke.edu",0,1,"047123009X",""
1031,1447634862,"Fair",0,1,128.39,"Pa.Roger@duke.edu",0,1,"471232319",""
1032,1447477761,"Fair",0,1,112.81,"Waneta.Gossage@duke.edu",0,1,"471272140",""
1033,1447583380,"Fair",0,1,76.79,"Dawna.Herring@duke.edu",0,1,"471274712",""
1034,1447725154,"Fair",0,1,113.8,"Brittanie.Severance@duke.edu",0,1,"471321680",""
1035,1447646227,"Fair",0,1,28.77,"Sharen.Lacayo@duke.edu",0,1,"471348066",""
1036,1447678146,"Fair",0,1,27.22,"Leoma.Lasater@duke.edu",0,1,"471393622",""
1037,1447518523,"Fair",0,1,139.88,"Eric.Fentress@duke.edu",0,1,"471410772",""
1038,1447492774,"Fair",0,1,29.28,"Rachele.Lowman@duke.edu",0,1,"471413895",""
